mall;tienda
Apumanque;A3D Chile
Apumanque;Abismo
Apumanque;Agua de Coco
Apumanque;Alba
Apumanque;Alexandra
Apumanque;Alin Boutique
Apumanque;Alin Muñoz
Apumanque;Alin Muñoz Arte-Joyas
Apumanque;Allison Belleza
Apumanque;Alquimia Espiritual
Apumanque;Alto Roma
Apumanque;Ama Joyas
Apumanque;Amalia Jeans
Apumanque;Ambikaluz Tabaquería
Apumanque;Amores Únicos by Mariella
Apumanque;Armería Moneda
Apumanque;Atria
Apumanque;Avatte
Apumanque;Ay de Mi
Apumanque;BackOnline
Apumanque;Balibú
Apumanque;Barbizon
Apumanque;Bata
Apumanque;Baziani
Apumanque;Bellota
Apumanque;BIX
Apumanque;Blu Store – FIXY
Apumanque;Blush Peluquería
Apumanque;Borion
Apumanque;Boutique Unnie
Apumanque;BricaBrac
Apumanque;Bros Librerías
Apumanque;By Natalie
Apumanque;C Moran
Apumanque;Cadillacs Tattoo & Piercing
Apumanque;Cadis Joyas
Apumanque;Caffarena
Apumanque;Cambio Global Exchange
Apumanque;Cambios Ventura
Apumanque;Capdor
Apumanque;Cardinale
Apumanque;Casa Bassam Joyería
Apumanque;Casa Ideas
Apumanque;Casa Laarsen
Apumanque;Casa Vasen
Apumanque;Cecilia Marsal
Apumanque;Celumac
Apumanque;Chile Vivo
Apumanque;Colloky
Apumanque;Comercial Schmidt
Apumanque;CompreOro
Apumanque;Compumanque
Apumanque;Costuritas
Apumanque;Crazy Market
Apumanque;Crazytech
Apumanque;Creadora Joyas
Apumanque;Cristal de Murano
Apumanque;Cruz Verde
Apumanque;Cyber Service
Apumanque;Cándida y Narcisa
Apumanque;Daisy
Apumanque;DBS Beauty Store
Apumanque;De Belleza
Apumanque;Degas – Eda Manzini
Apumanque;Dermocoaching by Salcobrand
Apumanque;Di Domenico
Apumanque;Dibu, Materiales de Arte
Apumanque;Different Fiesta
Apumanque;Dipromed
Apumanque;Domi Sport
Apumanque;Donde la Vale
Apumanque;Duncan Shop
Apumanque;El Gran Escape
Apumanque;Elda Villena
Apumanque;Ellesse
Apumanque;Elly Ibañez
Apumanque;Emporio Wheels
Apumanque;Encanto y Estilo
Apumanque;Envases Hanna
Apumanque;Exótica
Apumanque;Farmacias Ahumada
Apumanque;Fibra Store
Apumanque;Fiesta y Regalos
Apumanque;Firensse
Apumanque;Flores
Apumanque;Formmas Store
Apumanque;Fratelli
Apumanque;French Beauty
Apumanque;Full Figure
Apumanque;Gacel – Guante
Apumanque;Gina Anselmi
Apumanque;Give
Apumanque;Glam & Co
Apumanque;GMO
Apumanque;Golden
Apumanque;Good Brands
Apumanque;Gotta
Apumanque;Green Dolphin
Apumanque;Guapa
Apumanque;HBW Zurich
Apumanque;Head
Apumanque;Hi Market
Apumanque;Holy Mary
Apumanque;iDocStore
Apumanque;IFrix Servicio Técnico
Apumanque;Ihelp
Apumanque;Import Somos Stell@
Apumanque;Importadora Puntual
Apumanque;Importadora Triveni
Apumanque;Ingenia Costuras
Apumanque;Ingesa
Apumanque;Isadora
Apumanque;Jeny Love
Apumanque;Jerplaz
Apumanque;Joigo
Apumanque;Joyas Baron
Apumanque;Joyas Coggiola
Apumanque;Joyas Ehrmantraut
Apumanque;Joyas Ex Japan
Apumanque;Joyería De Loui
Apumanque;Joyería Ipanema
Apumanque;JS Diseño Italiano
Apumanque;Kayser
Apumanque;Kelly Nails
Apumanque;Keronicks
Apumanque;Kosmeticos
Apumanque;La Casa del Phone
Apumanque;La Casa Del Phone Gamer
Apumanque;La Costurería Express
Apumanque;La Maniquiur
Apumanque;La tienda bonita
Apumanque;Lanas Orquídea
Apumanque;Latraba
Apumanque;Leonisa
Apumanque;Librería Nacional
Apumanque;Lipka
Apumanque;Locura chic
Apumanque;Look Hair Extensions
Apumanque;Lorenzo Di Pontti
Apumanque;Lounge
Apumanque;Lourdes de la Oz
Apumanque;Lux Joyas
Apumanque;Lux XT Accesorios
Apumanque;Lápiz López
Apumanque;L’Coello
Apumanque;Majen
Apumanque;Mantra Verde
Apumanque;Manualidades Edholm
Apumanque;Marcela Gac
Apumanque;Mariella
Apumanque;Marina Carter
Apumanque;Marruá
Apumanque;Maryori López
Apumanque;Maxi Beauty
Apumanque;MB Peluquería
Apumanque;Medishop
Apumanque;Mestizoo
Apumanque;Mi Foto
Apumanque;Midas
Apumanque;Minimarket Sandy
Apumanque;Mirax
Apumanque;Mis Joyas
Apumanque;MKD London
Apumanque;Modista
Apumanque;Monarch
Apumanque;Monic´s
Apumanque;Moss
Apumanque;Mota
Apumanque;Mundo Luz
Apumanque;Mundo Sol
Apumanque;Más & Más
Apumanque;Nails Up
Apumanque;Naturel
Apumanque;Nutraworld
Apumanque;Nuvair
Apumanque;One Movil
Apumanque;Opaline
Apumanque;Oppido Salon
Apumanque;Oppido Spa
Apumanque;OptiVisionW&M
Apumanque;Ortopedia Maya
Apumanque;Ortopedia Punto Salud
Apumanque;Ortopedia Suiza
Apumanque;Ortopedia Viva
Apumanque;Papermark
Apumanque;Paris Peluquería
Apumanque;Pasarela´s
Apumanque;Pascuala
Apumanque;Passer
Apumanque;Pecado Original
Apumanque;Peluquería Pelukids
Apumanque;Peluquería Tío Miguel
Apumanque;Perfiles
Apumanque;Perfuma
Apumanque;Perfumados
Apumanque;Perry Kuins
Apumanque;Pet Choice
Apumanque;Petrazul Joyas
Apumanque;Pijamas Nabil
Apumanque;Pillin
Apumanque;Pippa
Apumanque;Pistacho
Apumanque;Plus Bijouterie
Apumanque;Pollini
Apumanque;Ponte Color
Apumanque;Premium Paper
Apumanque;Preunic
Apumanque;Prismology
Apumanque;Rayette
Apumanque;Reifschneider
Apumanque;Rincón Infantil
Apumanque;Rosa de los Vientos
Apumanque;Rotter y Krauss
Apumanque;Safari Zone
Apumanque;Saint Male
Apumanque;Salón de belleza VKR
Apumanque;Samia
Apumanque;Santiago Perfumes
Apumanque;Sara Nieto
Apumanque;Sastrería Pedro Diaz
Apumanque;Scarlett
Apumanque;Scooter Femme
Apumanque;Sebastiano Palumbo
Apumanque;Secretos de Amor
Apumanque;Sedúcete
Apumanque;Sei
Apumanque;Serviplus Sastrería
Apumanque;Siro Sastreria
Apumanque;SJ
Apumanque;SK Studio
Apumanque;Soft Barber
Apumanque;Soft Hair
Apumanque;Soft Relax
Apumanque;Solo para ti
Apumanque;Speaks Well
Apumanque;Studio Extensiones
Apumanque;Sunglasshut
Apumanque;Tabaquería El Pucho
Apumanque;Tacotronix
Apumanque;Talismán
Apumanque;Tendencia
Apumanque;Terrakea
Apumanque;Tiempo Boutique
Apumanque;Time Shop
Apumanque;Todofarma
Apumanque;Todomoda
Apumanque;Too Buzo
Apumanque;Tre Beauty
Apumanque;Tricot Hombre
Apumanque;Tricot Mujer
Apumanque;Truman Libreros
Apumanque;Tscherebilo Joyero
Apumanque;Tua
Apumanque;Você
Apumanque;VOX
Apumanque;Weide
Apumanque;Will Bloom
Apumanque;Winkler Nutrition y Revitta
Apumanque;Wrangler
Apumanque;Zeebra
Apumanque;Zona Visual
Apumanque;Óptica Hammersley
Apumanque;Óptica Place Vendome
Apumanque;Óptica Schilling
Apumanque;Óptica Smith
Arauco Maipú;100% Futbol
Arauco Maipú;Abc
Arauco Maipú;Academia Rodrigo Diaz
Arauco Maipú;Adidas
Arauco Maipú;Adidas Kids
Arauco Maipú;Adidas Original
Arauco Maipú;Afex
Arauco Maipú;Afp Capital
Arauco Maipú;Americanino
Arauco Maipú;Amphora
Arauco Maipú;Antartica Libros
Arauco Maipú;Arrow
Arauco Maipú;Asics
Arauco Maipú;Azaleia
Arauco Maipú;Baby Infanti
Arauco Maipú;Bamers
Arauco Maipú;Banco Falabella
Arauco Maipú;Bata
Arauco Maipú;Bata Pasillo Jumbo
Arauco Maipú;Bath And Body
Arauco Maipú;Beauty. Plus
Arauco Maipú;Bellota
Arauco Maipú;Belsport
Arauco Maipú;Benny
Arauco Maipú;Block
Arauco Maipú;Bold
Arauco Maipú;Bubba
Arauco Maipú;Bubble Gummers
Arauco Maipú;Caffarena
Arauco Maipú;Cannon Home
Arauco Maipú;Cardinale
Arauco Maipú;Casa Royal
Arauco Maipú;Casaideas
Arauco Maipú;Cat
Arauco Maipú;Cero Grado
Arauco Maipú;Chibiplay
Arauco Maipú;Cic
Arauco Maipú;Cinépolis
Arauco Maipú;Claro
Arauco Maipú;Claro Módulo
Arauco Maipú;Clean Kar Exterior
Arauco Maipú;Clean Kar Subterraneo
Arauco Maipú;Clínica Cela
Arauco Maipú;Cocha
Arauco Maipú;Coliseum
Arauco Maipú;Colloky
Arauco Maipú;Colloky Shoes
Arauco Maipú;Columbia
Arauco Maipú;Coney Park
Arauco Maipú;Coseche Chevrolet
Arauco Maipú;Dbs
Arauco Maipú;Dc Shoes
Arauco Maipú;Dermocoaching
Arauco Maipú;Despegar
Arauco Maipú;Doite
Arauco Maipú;Doremi
Arauco Maipú;Entel
Arauco Maipú;Eurocambios
Arauco Maipú;Everlast
Arauco Maipú;Falabella
Arauco Maipú;Farmacias Cruz Verde
Arauco Maipú;Fashion'S Park
Arauco Maipú;Ferouch
Arauco Maipú;Ferracini
Arauco Maipú;Fiesta & Regalos
Arauco Maipú;Florería Paris
Arauco Maipú;Flores
Arauco Maipú;Ford Salazar Israel
Arauco Maipú;Gacel
Arauco Maipú;Galacay
Arauco Maipú;Glam&Co
Arauco Maipú;Gmo
Arauco Maipú;Gotta
Arauco Maipú;Guante
Arauco Maipú;H&M
Arauco Maipú;Hable Más
Arauco Maipú;Happyland
Arauco Maipú;Head
Arauco Maipú;Hush Puppies
Arauco Maipú;Hush Puppies Kids
Arauco Maipú;Hyundai
Arauco Maipú;Ifrog
Arauco Maipú;Intime
Arauco Maipú;Io
Arauco Maipú;Isadora
Arauco Maipú;Joyas Baron
Arauco Maipú;Joyas Marcela Coggiola
Arauco Maipú;Joyas Pamela Lobos
Arauco Maipú;Kai
Arauco Maipú;Kayser
Arauco Maipú;Kia Motors Pompeyo
Arauco Maipú;Kiko Milano
Arauco Maipú;Kiosclub
Arauco Maipú;La Casa De Las Carcasas
Arauco Maipú;Lacoste
Arauco Maipú;Lattafa
Arauco Maipú;Leonisa
Arauco Maipú;Levi's
Arauco Maipú;Librería Nacional
Arauco Maipú;Limonada
Arauco Maipú;Liola
Arauco Maipú;Lippi
Arauco Maipú;Lounge
Arauco Maipú;Lush
Arauco Maipú;Lápiz Lopez
Arauco Maipú;Maconline
Arauco Maipú;Marathon
Arauco Maipú;Maui And Sons
Arauco Maipú;Meow
Arauco Maipú;Merrell
Arauco Maipú;Mg
Arauco Maipú;Mi Foto
Arauco Maipú;Mi Perfumería
Arauco Maipú;Miniso
Arauco Maipú;Mobile Barber
Arauco Maipú;Monarch
Arauco Maipú;Movistar
Arauco Maipú;Mow
Arauco Maipú;Nails Chic
Arauco Maipú;Natura
Arauco Maipú;Nike
Arauco Maipú;North Star
Arauco Maipú;Ok Market
Arauco Maipú;Opaline
Arauco Maipú;Pandora
Arauco Maipú;Paris
Arauco Maipú;Pc Factory
Arauco Maipú;Peppermint Plaza 2
Arauco Maipú;Peppermint Primer Nivel
Arauco Maipú;Peppermint Segundo Nivel
Arauco Maipú;Pet&Go
Arauco Maipú;Peugeot Pompeyo
Arauco Maipú;Pillin
Arauco Maipú;Plaza Falabella
Arauco Maipú;Plaza Música
Arauco Maipú;Pollini
Arauco Maipú;Preunic
Arauco Maipú;Preunic Beauty
Arauco Maipú;Privilege
Arauco Maipú;Puma
Arauco Maipú;Pura Esencia
Arauco Maipú;Que Coreana
Arauco Maipú;Realidad Virtual
Arauco Maipú;Reebok
Arauco Maipú;Revesderecho
Arauco Maipú;Ripley
Arauco Maipú;Rockford
Arauco Maipú;Rotter & Krauss
Arauco Maipú;Salcobrand
Arauco Maipú;Salcobrand Exterior
Arauco Maipú;Sally Beauty
Arauco Maipú;Samsung
Arauco Maipú;Saxoline
Arauco Maipú;Sedúcete
Arauco Maipú;Sei
Arauco Maipú;Servicios Municipales
Arauco Maipú;Skechers
Arauco Maipú;Sokobox
Arauco Maipú;Sparta
Arauco Maipú;Sunglass Hut
Arauco Maipú;Superzoo
Arauco Maipú;Supletech
Arauco Maipú;Tabaccheri
Arauco Maipú;The Brands Club
Arauco Maipú;Tinyshop
Arauco Maipú;Todo Moda
Arauco Maipú;Todo Moda Beauty
Arauco Maipú;Todo Piel
Arauco Maipú;Top
Arauco Maipú;Trial
Arauco Maipú;Tua
Arauco Maipú;Tua Men
Arauco Maipú;Vans
Arauco Maipú;Victoria´S Secret
Arauco Maipú;Vtr
Arauco Maipú;Wados
Arauco Maipú;Weinbrenner
Arauco Maipú;Weplay
Arauco Maipú;Will Bloom
Arauco Maipú;Wom
Arauco Maipú;Wrangler
Arauco Maipú;Xs Market
Arauco Maipú;Xtrem
Arauco Maipú;Zoo York
Arauco Maipú;Ópticas Place VendôMe
Arauco Maipú;Ópticas Schilling
Arauco Premium Outlet Buenaventura;Adidas
Arauco Premium Outlet Buenaventura;Arrow - Esprit
Arauco Premium Outlet Buenaventura;Ashley
Arauco Premium Outlet Buenaventura;Asics
Arauco Premium Outlet Buenaventura;Bata
Arauco Premium Outlet Buenaventura;Benny
Arauco Premium Outlet Buenaventura;Bimba Y Lola
Arauco Premium Outlet Buenaventura;Bricksmart
Arauco Premium Outlet Buenaventura;Calvin Klein
Arauco Premium Outlet Buenaventura;Cannon Home
Arauco Premium Outlet Buenaventura;Carolina Herrera
Arauco Premium Outlet Buenaventura;Casa De Cambio
Arauco Premium Outlet Buenaventura;Cat
Arauco Premium Outlet Buenaventura;Cerogrado / Trampoline Park
Arauco Premium Outlet Buenaventura;Chantilly
Arauco Premium Outlet Buenaventura;Cic
Arauco Premium Outlet Buenaventura;Cleankar
Arauco Premium Outlet Buenaventura;Coliseum
Arauco Premium Outlet Buenaventura;Colloky
Arauco Premium Outlet Buenaventura;Converse
Arauco Premium Outlet Buenaventura;Crocs
Arauco Premium Outlet Buenaventura;Dbs
Arauco Premium Outlet Buenaventura;Dockers
Arauco Premium Outlet Buenaventura;Doite
Arauco Premium Outlet Buenaventura;Ellesse
Arauco Premium Outlet Buenaventura;Ellus
Arauco Premium Outlet Buenaventura;Fabrics
Arauco Premium Outlet Buenaventura;Ferouch - New Man
Arauco Premium Outlet Buenaventura;Ferracini
Arauco Premium Outlet Buenaventura;Ficcus
Arauco Premium Outlet Buenaventura;Flores
Arauco Premium Outlet Buenaventura;Gacel - Guante
Arauco Premium Outlet Buenaventura;Gmo
Arauco Premium Outlet Buenaventura;Green Dolphin
Arauco Premium Outlet Buenaventura;Guess
Arauco Premium Outlet Buenaventura;Happy Toys
Arauco Premium Outlet Buenaventura;Head
Arauco Premium Outlet Buenaventura;Helly Hansen
Arauco Premium Outlet Buenaventura;Hugo Boss
Arauco Premium Outlet Buenaventura;Humana
Arauco Premium Outlet Buenaventura;Italstore
Arauco Premium Outlet Buenaventura;Kayser
Arauco Premium Outlet Buenaventura;Kiosclub
Arauco Premium Outlet Buenaventura;Kiosclub Homegoods
Arauco Premium Outlet Buenaventura;Kitchen Center
Arauco Premium Outlet Buenaventura;L'oreal
Arauco Premium Outlet Buenaventura;Lacoste
Arauco Premium Outlet Buenaventura;Leidiro
Arauco Premium Outlet Buenaventura;Levi's
Arauco Premium Outlet Buenaventura;Limonada
Arauco Premium Outlet Buenaventura;Lineatre
Arauco Premium Outlet Buenaventura;Liola
Arauco Premium Outlet Buenaventura;Lippi
Arauco Premium Outlet Buenaventura;Locker
Arauco Premium Outlet Buenaventura;Lorenzo Di Pontti
Arauco Premium Outlet Buenaventura;Lotto
Arauco Premium Outlet Buenaventura;Mashini
Arauco Premium Outlet Buenaventura;Maxik
Arauco Premium Outlet Buenaventura;Merrell
Arauco Premium Outlet Buenaventura;Michael Kors
Arauco Premium Outlet Buenaventura;MOTOMUNDI
Arauco Premium Outlet Buenaventura;Natura
Arauco Premium Outlet Buenaventura;Nautica
Arauco Premium Outlet Buenaventura;Nike
Arauco Premium Outlet Buenaventura;Oneill
Arauco Premium Outlet Buenaventura;Oubo
Arauco Premium Outlet Buenaventura;Patagonia
Arauco Premium Outlet Buenaventura;Peppermint
Arauco Premium Outlet Buenaventura;Pillin
Arauco Premium Outlet Buenaventura;Pollini
Arauco Premium Outlet Buenaventura;Polo Ralph Lauren
Arauco Premium Outlet Buenaventura;Privilege
Arauco Premium Outlet Buenaventura;Prune
Arauco Premium Outlet Buenaventura;Puma
Arauco Premium Outlet Buenaventura;Purificación García
Arauco Premium Outlet Buenaventura;Raindoor
Arauco Premium Outlet Buenaventura;Rally Karting
Arauco Premium Outlet Buenaventura;Rapsodia
Arauco Premium Outlet Buenaventura;Reebok
Arauco Premium Outlet Buenaventura;Rosen
Arauco Premium Outlet Buenaventura;Sarika Rodrik
Arauco Premium Outlet Buenaventura;Saxoline
Arauco Premium Outlet Buenaventura;Scalpers
Arauco Premium Outlet Buenaventura;Skechers
Arauco Premium Outlet Buenaventura;Sparta
Arauco Premium Outlet Buenaventura;Sport Shop (Everlast)
Arauco Premium Outlet Buenaventura;Steve Madden
Arauco Premium Outlet Buenaventura;Sunglass Hut
Arauco Premium Outlet Buenaventura;Surprice
Arauco Premium Outlet Buenaventura;Swarovski
Arauco Premium Outlet Buenaventura;Tefal
Arauco Premium Outlet Buenaventura;The Cosmetics Company Store
Arauco Premium Outlet Buenaventura;ThöRben Store
Arauco Premium Outlet Buenaventura;Tommy Hilfiger
Arauco Premium Outlet Buenaventura;Top
Arauco Premium Outlet Buenaventura;Trial
Arauco Premium Outlet Buenaventura;Tua
Arauco Premium Outlet Buenaventura;Under Armour
Arauco Premium Outlet Buenaventura;Us Polo
Arauco Premium Outlet Buenaventura;Vans
Arauco Premium Outlet Buenaventura;Vestua
Arauco Premium Outlet Buenaventura;Victoria´S Secret
Arauco Premium Outlet Buenaventura;Wados
Arauco Premium Outlet Buenaventura;Wrangler Jeans
Arauco Premium Outlet Buenaventura;Xs Market
Casacostanera;Adeu
Casacostanera;Alba y Adela
Casacostanera;Almabar
Casacostanera;Alpe Woman Shoes
Casacostanera;Amano
Casacostanera;ANGE EYZAGUIRRE
Casacostanera;Artesanías de Chile
Casacostanera;ASIA
Casacostanera;Atesórame
Casacostanera;Baby Mattress
Casacostanera;Banana Republic
Casacostanera;Banco Consorcio
Casacostanera;Bang & Olufsen
Casacostanera;Barbour
Casacostanera;Bath & Blanc
Casacostanera;Bestias
Casacostanera;Bimba y Lola
Casacostanera;Black Bubba
Casacostanera;BLUNDSTONE
Casacostanera;Blush-Bar
Casacostanera;BRICK LONDON
Casacostanera;Brooks Brothers
Casacostanera;BSOUL
Casacostanera;C del Pilar
Casacostanera;Cabo de Hornos
Casacostanera;CACHIPÚN
Casacostanera;Carolina Herrera
Casacostanera;Casa Coral
Casacostanera;Casa/Bougie
Casacostanera;Casaideas
Casacostanera;Castañer
Casacostanera;Cinépolis
Casacostanera;Columpio
Casacostanera;Columpio Store
Casacostanera;Contrapunto
Casacostanera;Delsey Paris
Casacostanera;DeMarie
Casacostanera;Dinámica
Casacostanera;El Ganso
Casacostanera;Escrito con Tiza
Casacostanera;Espacio Magma
Casacostanera;Farmacia Cruz Verde
Casacostanera;Fisherman
Casacostanera;Florsheim
Casacostanera;Francisca Ferrari
Casacostanera;Frøens
Casacostanera;FUEGUIA
Casacostanera;GMO
Casacostanera;GNOMO
Casacostanera;Good Brands
Casacostanera;H&M
Casacostanera;Hackett
Casacostanera;Jazmin Chebar
Casacostanera;Jo & Fire
Casacostanera;Jo Malone London
Casacostanera;Kapura
Casacostanera;Karün
Casacostanera;KAYA UNITE
Casacostanera;Kitchen Center
Casacostanera;Kolken
Casacostanera;La Fête
Casacostanera;La Papelaria
Casacostanera;La Tienda de Carolina
Casacostanera;Laubestores
Casacostanera;Le Creuset
Casacostanera;Levi´s
Casacostanera;LGND
Casacostanera;Little Bee
Casacostanera;Liz
Casacostanera;Lola Mola
Casacostanera;Lolita Pocket
Casacostanera;LOUNGE
Casacostanera;LUAU
Casacostanera;Lush
Casacostanera;L´Occitane
Casacostanera;MAC
Casacostanera;MacOnline
Casacostanera;Madame Petit
Casacostanera;Madison
Casacostanera;Mamás Mateas
Casacostanera;Mango
Casacostanera;MARAIS
Casacostanera;Marina Mía
Casacostanera;María Cher
Casacostanera;María Guldman
Casacostanera;María Pompón
Casacostanera;Matcha Addict
Casacostanera;Max Mara
Casacostanera;Mery Satt
Casacostanera;Migo
Casacostanera;MISHKA
Casacostanera;Moda Chile
Casacostanera;Monki Toys
Casacostanera;Montibello
Casacostanera;MUTH
Casacostanera;Nespresso
Casacostanera;NH Collection
Casacostanera;Noa Joyas
Casacostanera;nuknu
Casacostanera;Oh My Lamb
Casacostanera;OKWU
Casacostanera;One
Casacostanera;Outbrands
Casacostanera;Oz Cranberry
Casacostanera;PANDORA
Casacostanera;Parfois
Casacostanera;PAS DENOM
Casacostanera;Pilates Malú Pérez
Casacostanera;Polo Ralph Lauren
Casacostanera;Preppy Beach
Casacostanera;Pretty Ballerinas
Casacostanera;Primeros Pueblos
Casacostanera;Prüne
Casacostanera;Purificación García
Casacostanera;Rabbit
Casacostanera;Raindoor
Casacostanera;Rapsodia
Casacostanera;Renatta&go
Casacostanera;RODA
Casacostanera;Roots Toys
Casacostanera;SAINTMALÉ
Casacostanera;Saville Row
Casacostanera;Scalpers
Casacostanera;Singolare
Casacostanera;Snobby
Casacostanera;SPID
Casacostanera;Studio Ferrer
Casacostanera;Sunglass Hut
Casacostanera;Sveti Stefan
Casacostanera;TD Galería
Casacostanera;The Body Shop
Casacostanera;The Qualis
Casacostanera;Thea Life
Casacostanera;Ucon Acrobatics
Casacostanera;Urco Label
Casacostanera;Visionary
Casacostanera;Warmi
Casacostanera;WILD LAMA
Casacostanera;Wolf & Hank
Casacostanera;Zadig & Voltaire
Casacostanera;Zara Home
Cenco Alto Las Condes;5aSec
Cenco Alto Las Condes;7 Veinte
Cenco Alto Las Condes;Adidas
Cenco Alto Las Condes;Adidas Originals
Cenco Alto Las Condes;Aldo
Cenco Alto Las Condes;Alessandro
Cenco Alto Las Condes;All Nutrition
Cenco Alto Las Condes;Almabar
Cenco Alto Las Condes;Amano
Cenco Alto Las Condes;American Eagle
Cenco Alto Las Condes;Americanino
Cenco Alto Las Condes;Arrow
Cenco Alto Las Condes;Asics
Cenco Alto Las Condes;Atesórame
Cenco Alto Las Condes;Atómica
Cenco Alto Las Condes;Aura Candles
Cenco Alto Las Condes;Azaleia
Cenco Alto Las Condes;Azero BarberLab
Cenco Alto Las Condes;Baby Infanti
Cenco Alto Las Condes;Bamers
Cenco Alto Las Condes;Banco de Chile
Cenco Alto Las Condes;Banco Falabella
Cenco Alto Las Condes;Barbizon
Cenco Alto Las Condes;Bath and Body Works
Cenco Alto Las Condes;Beauty.plus
Cenco Alto Las Condes;Ben & Frank
Cenco Alto Las Condes;Bimba & Lola
Cenco Alto Las Condes;Blush-Bar
Cenco Alto Las Condes;BOLD
Cenco Alto Las Condes;Bor Boutique
Cenco Alto Las Condes;Brooks Brothers
Cenco Alto Las Condes;Bsoul
Cenco Alto Las Condes;Bubba Essentials
Cenco Alto Las Condes;Buffer
Cenco Alto Las Condes;By So Joyas
Cenco Alto Las Condes;Caffarena
Cenco Alto Las Condes;Cais
Cenco Alto Las Condes;Calvin Klein
Cenco Alto Las Condes;Cannon Home
Cenco Alto Las Condes;Cardinale
Cenco Alto Las Condes;Casa Barros
Cenco Alto Las Condes;Casaideas
Cenco Alto Las Condes;Caterpillar
Cenco Alto Las Condes;Cinemark
Cenco Alto Las Condes;Claro
Cenco Alto Las Condes;COCHA
Cenco Alto Las Condes;Colloky
Cenco Alto Las Condes;Columbia
Cenco Alto Las Condes;Contrapunto
Cenco Alto Las Condes;Converse
Cenco Alto Las Condes;Costuritas
Cenco Alto Las Condes;Creado en Chile
Cenco Alto Las Condes;Crocs
Cenco Alto Las Condes;Culto
Cenco Alto Las Condes;CXC
Cenco Alto Las Condes;Dbs Beauty Store
Cenco Alto Las Condes;DC Shoes
Cenco Alto Las Condes;DEA
Cenco Alto Las Condes;DEMARIE
Cenco Alto Las Condes;Desigual
Cenco Alto Las Condes;Despegar
Cenco Alto Las Condes;Dockers
Cenco Alto Las Condes;Doite
Cenco Alto Las Condes;Dusa
Cenco Alto Las Condes;Easy
Cenco Alto Las Condes;El Bazar de las Flores
Cenco Alto Las Condes;El Volcan
Cenco Alto Las Condes;Enigma
Cenco Alto Las Condes;Enriqueta Solari
Cenco Alto Las Condes;Escrito con Tiza
Cenco Alto Las Condes;Estudio Elisa López
Cenco Alto Las Condes;Fabrics
Cenco Alto Las Condes;Falabella
Cenco Alto Las Condes;Farmacias Ahumada
Cenco Alto Las Condes;Farmacias Cruz Verde
Cenco Alto Las Condes;Farmacias Salcobrand
Cenco Alto Las Condes;Ferouch
Cenco Alto Las Condes;Flores
Cenco Alto Las Condes;Florsheim
Cenco Alto Las Condes;Freelosophy
Cenco Alto Las Condes;Froens
Cenco Alto Las Condes;Gacel
Cenco Alto Las Condes;GAP
Cenco Alto Las Condes;Garuga
Cenco Alto Las Condes;Geppetta
Cenco Alto Las Condes;glam&co
Cenco Alto Las Condes;GMO
Cenco Alto Las Condes;Guante
Cenco Alto Las Condes;H&M
Cenco Alto Las Condes;H&M Home
Cenco Alto Las Condes;Hands & Company
Cenco Alto Las Condes;Happyland
Cenco Alto Las Condes;Head
Cenco Alto Las Condes;Hugo Boss
Cenco Alto Las Condes;Hush Puppies
Cenco Alto Las Condes;Hush Puppies Kids
Cenco Alto Las Condes;IGNAVALVERDE
Cenco Alto Las Condes;Integramédica
Cenco Alto Las Condes;Inztinto
Cenco Alto Las Condes;IO
Cenco Alto Las Condes;Isadora
Cenco Alto Las Condes;Izipizi
Cenco Alto Las Condes;JoseHerrera
Cenco Alto Las Condes;JUMBO
Cenco Alto Las Condes;Just Flowers
Cenco Alto Las Condes;Kaya unite
Cenco Alto Las Condes;Kenaz
Cenco Alto Las Condes;KiosClub
Cenco Alto Las Condes;Kipling
Cenco Alto Las Condes;Kitchen Center
Cenco Alto Las Condes;L'Occitane
Cenco Alto Las Condes;La Bego Soler
Cenco Alto Las Condes;La Martina
Cenco Alto Las Condes;La Mura
Cenco Alto Las Condes;La Papelaria
Cenco Alto Las Condes;La Repa
Cenco Alto Las Condes;Lacoste
Cenco Alto Las Condes;Lego
Cenco Alto Las Condes;Leidiro
Cenco Alto Las Condes;Levis
Cenco Alto Las Condes;LGND Brand
Cenco Alto Las Condes;Librería Antártica
Cenco Alto Las Condes;Librería Nacional
Cenco Alto Las Condes;Liola
Cenco Alto Las Condes;Lippi
Cenco Alto Las Condes;Little Bee
Cenco Alto Las Condes;Loto del Sur
Cenco Alto Las Condes;Lounge
Cenco Alto Las Condes;LUAU
Cenco Alto Las Condes;Lush
Cenco Alto Las Condes;Lápiz López
Cenco Alto Las Condes;MAC
Cenco Alto Las Condes;MacOnline
Cenco Alto Las Condes;Madison
Cenco Alto Las Condes;Majen
Cenco Alto Las Condes;Mango
Cenco Alto Las Condes;Marcela Coggiola
Cenco Alto Las Condes;Maui And Sons
Cenco Alto Las Condes;Maxi K
Cenco Alto Las Condes;MCP
Cenco Alto Las Condes;ME Joyas
Cenco Alto Las Condes;Merrell
Cenco Alto Las Condes;Mi Foto
Cenco Alto Las Condes;Mingo
Cenco Alto Las Condes;Monarch
Cenco Alto Las Condes;Mosso
Cenco Alto Las Condes;MOW
Cenco Alto Las Condes;Multiservice
Cenco Alto Las Condes;Musse
Cenco Alto Las Condes;Muth
Cenco Alto Las Condes;Natura Cosméticos
Cenco Alto Las Condes;Nespresso
Cenco Alto Las Condes;Nike
Cenco Alto Las Condes;Náutica
Cenco Alto Las Condes;Oh My Lamb
Cenco Alto Las Condes;OKWU
Cenco Alto Las Condes;ONE Watch Company
Cenco Alto Las Condes;Palumbo
Cenco Alto Las Condes;Pandora
Cenco Alto Las Condes;Parfois
Cenco Alto Las Condes;Paris
Cenco Alto Las Condes;Parsome
Cenco Alto Las Condes;Patagonia
Cenco Alto Las Condes;Perry Ellis
Cenco Alto Las Condes;Perséfone
Cenco Alto Las Condes;Pichara
Cenco Alto Las Condes;Place Vendome
Cenco Alto Las Condes;Plaza Música
Cenco Alto Las Condes;Pollini
Cenco Alto Las Condes;Privilege
Cenco Alto Las Condes;Prüne
Cenco Alto Las Condes;Pulcro
Cenco Alto Las Condes;Puma
Cenco Alto Las Condes;Purificación García
Cenco Alto Las Condes;Raindoor
Cenco Alto Las Condes;Rapsodia
Cenco Alto Las Condes;Ray Ban
Cenco Alto Las Condes;Red de Salud UC CHRISTUS
Cenco Alto Las Condes;Revesderecho
Cenco Alto Las Condes;Rincón Jumbo
Cenco Alto Las Condes;Rip Curl
Cenco Alto Las Condes;Rockford
Cenco Alto Las Condes;Roots Toys
Cenco Alto Las Condes;Rosen
Cenco Alto Las Condes;Rotter & Krauss
Cenco Alto Las Condes;Sally Beauty
Cenco Alto Las Condes;Samsung Chile
Cenco Alto Las Condes;Saville Row
Cenco Alto Las Condes;Saxoline
Cenco Alto Las Condes;Scalpers
Cenco Alto Las Condes;Siete Mares
Cenco Alto Las Condes;SILVESTRE
Cenco Alto Las Condes;Skechers
Cenco Alto Las Condes;Skin Factory
Cenco Alto Las Condes;Socks Lab
Cenco Alto Las Condes;Sparta
Cenco Alto Las Condes;Speedo
Cenco Alto Las Condes;Stanley
Cenco Alto Las Condes;Steve Madden
Cenco Alto Las Condes;Stil Brands
Cenco Alto Las Condes;Sunglass Hut
Cenco Alto Las Condes;SuperZoo
Cenco Alto Las Condes;Swarovski
Cenco Alto Las Condes;Tesla
Cenco Alto Las Condes;The Body Shop
Cenco Alto Las Condes;The Candle Shop
Cenco Alto Las Condes;The Line
Cenco Alto Las Condes;The North Face
Cenco Alto Las Condes;The Qualis
Cenco Alto Las Condes;Thea Life
Cenco Alto Las Condes;Tiana Joyas
Cenco Alto Las Condes;Todo Moda
Cenco Alto Las Condes;Toke
Cenco Alto Las Condes;Tommy Hilfiger
Cenco Alto Las Condes;TOP
Cenco Alto Las Condes;Tous
Cenco Alto Las Condes;Trial
Cenco Alto Las Condes;TUA
Cenco Alto Las Condes;Umbrale
Cenco Alto Las Condes;Umbrale Home
Cenco Alto Las Condes;Urco
Cenco Alto Las Condes;VANS
Cenco Alto Las Condes;Verónica Silva
Cenco Alto Las Condes;Viajes El Corte Inglés
Cenco Alto Las Condes;Victoria's Secret
Cenco Alto Las Condes;Victorinox
Cenco Alto Las Condes;Volcom
Cenco Alto Las Condes;Vopero
Cenco Alto Las Condes;Vélez
Cenco Alto Las Condes;Véroz
Cenco Alto Las Condes;Wappy
Cenco Alto Las Condes;Wayu
Cenco Alto Las Condes;Wolf & Hank
Cenco Alto Las Condes;WOM
Cenco Alto Las Condes;Women Secret
Cenco Alto Las Condes;Wrangler
Cenco Alto Las Condes;Zappa
Cenco Alto Las Condes;Zara
Cenco Alto Las Condes;Zara Home
Cenco Alto Las Condes;Zeiss Visión Center
Cenco El Llano;5aSec
Cenco El Llano;All Nutrition
Cenco El Llano;Amphora
Cenco El Llano;Azaleia
Cenco El Llano;Azero BarberLab
Cenco El Llano;Belsport
Cenco El Llano;Casa Royal
Cenco El Llano;Catalina Joyas
Cenco El Llano;Caterpillar
Cenco El Llano;Clínica Belenus
Cenco El Llano;Dbs Beauty Store
Cenco El Llano;Easy
Cenco El Llano;Ellesse
Cenco El Llano;Emporio Roble Viejo
Cenco El Llano;Farmacias Cruz Verde
Cenco El Llano;Farmacias Salcobrand
Cenco El Llano;Ficcus
Cenco El Llano;Flores
Cenco El Llano;glam&co
Cenco El Llano;GMO
Cenco El Llano;Integramédica
Cenco El Llano;Jack & Jones
Cenco El Llano;JUMBO
Cenco El Llano;KAYSER
Cenco El Llano;Lee & Wrangler
Cenco El Llano;Librería Antártica
Cenco El Llano;Lounge
Cenco El Llano;Lápiz López
Cenco El Llano;M&G
Cenco El Llano;Maxi K
Cenco El Llano;Mi Foto
Cenco El Llano;Miniso
Cenco El Llano;Multiservice
Cenco El Llano;ONLY
Cenco El Llano;Paris
Cenco El Llano;Pichara
Cenco El Llano;Pillin
Cenco El Llano;Preunic
Cenco El Llano;Revesderecho
Cenco El Llano;Rincón Jumbo
Cenco El Llano;Rotter & Krauss
Cenco El Llano;Sokobox
Cenco El Llano;Spid
Cenco El Llano;SuperZoo
Cenco El Llano;Todo Moda
Cenco El Llano;TOP
Cenco El Llano;TUA
Cenco El Llano;Weinbrenner
Cenco El Llano;WOM
Cenco Florida;5aSec
Cenco Florida;A3d
Cenco Florida;Adidas
Cenco Florida;Adidas Originals
Cenco Florida;All Nutrition
Cenco Florida;Amano
Cenco Florida;Americanino
Cenco Florida;Arrow
Cenco Florida;Asics
Cenco Florida;Aufbau
Cenco Florida;Azaleia
Cenco Florida;Baby Infanti
Cenco Florida;Bamers
Cenco Florida;Banco Santander
Cenco Florida;Barbería Maestra
Cenco Florida;Bata
Cenco Florida;Bath and Body Works
Cenco Florida;Beauty.plus
Cenco Florida;Belsport
Cenco Florida;Black Bubba
Cenco Florida;Block
Cenco Florida;Blush-Bar
Cenco Florida;BOLD
Cenco Florida;Bubba Essentials
Cenco Florida;Bubble Gummers
Cenco Florida;C Moran
Cenco Florida;Caffarena
Cenco Florida;Calvin Klein
Cenco Florida;Cannon Home
Cenco Florida;Cardinale
Cenco Florida;Casa Royal
Cenco Florida;Casaideas
Cenco Florida;Catalina Joyas
Cenco Florida;Caterpillar
Cenco Florida;Cineplanet
Cenco Florida;Claro
Cenco Florida;Clínica MEDS
Cenco Florida;Colloky
Cenco Florida;Columbia
Cenco Florida;Converse
Cenco Florida;Dbs Beauty Store
Cenco Florida;Dermotienda
Cenco Florida;Despegar
Cenco Florida;Ditalcar
Cenco Florida;Doite
Cenco Florida;Drimkip
Cenco Florida;Easy
Cenco Florida;Ellesse
Cenco Florida;Entel
Cenco Florida;Everlast
Cenco Florida;Family Shop
Cenco Florida;Farmacias Ahumada
Cenco Florida;Farmacias Cruz Verde
Cenco Florida;Farmacias Salcobrand
Cenco Florida;Fashion´s Park
Cenco Florida;Ferouch
Cenco Florida;Fiesta&Regalos
Cenco Florida;Fila
Cenco Florida;Flexi
Cenco Florida;Flores
Cenco Florida;Gacel
Cenco Florida;glam&co
Cenco Florida;GMO
Cenco Florida;Guante
Cenco Florida;H&M
Cenco Florida;Head
Cenco Florida;Holly Concept
Cenco Florida;Hush Puppies
Cenco Florida;Intime
Cenco Florida;IO
Cenco Florida;Isadora
Cenco Florida;Jack & Jones
Cenco Florida;Joyas Baron
Cenco Florida;JUMBO
Cenco Florida;Kannu
Cenco Florida;KAYSER
Cenco Florida;KIDSCLUB
Cenco Florida;KiosClub
Cenco Florida;La Casa de las Carcasas
Cenco Florida;Laboratorio Clini
Cenco Florida;Lacoste
Cenco Florida;Lattafa Perfumes
Cenco Florida;Levis
Cenco Florida;Librería Antártica
Cenco Florida;Librería Nacional
Cenco Florida;Limonada
Cenco Florida;Lineatre
Cenco Florida;Liola
Cenco Florida;Lippi
Cenco Florida;Lounge
Cenco Florida;Lush
Cenco Florida;Lápiz López
Cenco Florida;M&G
Cenco Florida;Maicao
Cenco Florida;Marathon
Cenco Florida;Maui And Sons
Cenco Florida;Maxi K
Cenco Florida;Mi Foto
Cenco Florida;Miniso
Cenco Florida;Monarch
Cenco Florida;Mota
Cenco Florida;Movistar
Cenco Florida;MOW
Cenco Florida;Multiservice
Cenco Florida;Natura Cosméticos
Cenco Florida;New Era
Cenco Florida;Nike
Cenco Florida;Palumbo
Cenco Florida;Pandora
Cenco Florida;Paris
Cenco Florida;Parque del Recuerdo
Cenco Florida;PC Factory
Cenco Florida;Perry Ellis
Cenco Florida;PETERLAND
Cenco Florida;Pichara
Cenco Florida;Pillin
Cenco Florida;Pink lady beauty store
Cenco Florida;Place Vendome
Cenco Florida;Plaza Música
Cenco Florida;Pollini
Cenco Florida;Preunic
Cenco Florida;Privilege
Cenco Florida;Puma
Cenco Florida;Rally Kart
Cenco Florida;Reebok
Cenco Florida;Revesderecho
Cenco Florida;Rincón Jumbo
Cenco Florida;Rip Curl
Cenco Florida;Ripley
Cenco Florida;Rockford
Cenco Florida;Rotter & Krauss
Cenco Florida;Sally Beauty
Cenco Florida;Samsung Chile
Cenco Florida;Sanasalud
Cenco Florida;Saxoline
Cenco Florida;Secret
Cenco Florida;Skechers
Cenco Florida;Smartfit
Cenco Florida;Sparta
Cenco Florida;Sunglass Hut
Cenco Florida;SuperZoo
Cenco Florida;Sybilla
Cenco Florida;The Brands Club
Cenco Florida;The Line
Cenco Florida;Todo Moda
Cenco Florida;Tommy Hilfiger
Cenco Florida;TOP
Cenco Florida;Totto
Cenco Florida;Trial
Cenco Florida;Tricot
Cenco Florida;TUA
Cenco Florida;TUA Men
Cenco Florida;Umbrale
Cenco Florida;Under Armour
Cenco Florida;Wados
Cenco Florida;WOM
Cenco Florida;Wrangler
Cenco Florida;X-One
Cenco Florida;Zara
Cenco Florida;Zoo York
Costanera Center;100% Futbol
Costanera Center;5aSec
Costanera Center;7 Veinte
Costanera Center;Abercrombie & Fitch
Costanera Center;AC Hotel Santiago Cenco Costanera
Costanera Center;Adidas
Costanera Center;Adidas Originals
Costanera Center;AFEX
Costanera Center;Aldo
Costanera Center;Alisha Perfumes
Costanera Center;All Nutrition
Costanera Center;Amano
Costanera Center;American Eagle
Costanera Center;Americanino
Costanera Center;Amphora
Costanera Center;Anacapri
Costanera Center;Antihuman
Costanera Center;Arrow
Costanera Center;Ash
Costanera Center;Asics
Costanera Center;Atesórame
Costanera Center;Audiomusica
Costanera Center;Avatr
Costanera Center;Azero BarberLab
Costanera Center;Baby Infanti
Costanera Center;Baby Rosen
Costanera Center;BackOnline
Costanera Center;Bamers
Costanera Center;Barbizon
Costanera Center;Bath and Body Works
Costanera Center;Beauty.plus
Costanera Center;BeCycle
Costanera Center;Belsport
Costanera Center;Ben & Frank
Costanera Center;Bike
Costanera Center;Bimba & Lola
Costanera Center;Black Bubba
Costanera Center;BLU/STORE
Costanera Center;Blush-Bar
Costanera Center;Boaz Joyas
Costanera Center;BOLD
Costanera Center;Bor Boutique
Costanera Center;Bubba Essentials
Costanera Center;Bubble Gummers
Costanera Center;Buffalo
Costanera Center;BYD
Costanera Center;Caffarena
Costanera Center;Calvin Klein
Costanera Center;Cannon Home
Costanera Center;Cardinale
Costanera Center;Carter's
Costanera Center;Casa Barros
Costanera Center;Casa Royal
Costanera Center;Casaideas
Costanera Center;Caterpillar
Costanera Center;CAV
Costanera Center;Changan
Costanera Center;Chery
Costanera Center;Chevrolet
Costanera Center;Cineplanet
Costanera Center;Citroën
Costanera Center;Clarks
Costanera Center;Claro
Costanera Center;Clínica Belenus
Costanera Center;COCHA
Costanera Center;Colloky
Costanera Center;Columbia
Costanera Center;Compañía Libros
Costanera Center;Contrapunto
Costanera Center;Converse
Costanera Center;Costuritas
Costanera Center;Creado en Chile
Costanera Center;Crocs
Costanera Center;Dbs Beauty Store
Costanera Center;DC Shoes
Costanera Center;Decathlon
Costanera Center;Deepal
Costanera Center;Dermo Coaching
Costanera Center;Dermotienda
Costanera Center;DermoXpert
Costanera Center;Desigual
Costanera Center;Despegar
Costanera Center;DFSK
Costanera Center;Dji Drone Store
Costanera Center;Dockers
Costanera Center;Doite
Costanera Center;Dongfeng
Costanera Center;Dopamine Land
Costanera Center;Dr. Martens
Costanera Center;Easy
Costanera Center;Econópticas
Costanera Center;El Mundo del Vino
Costanera Center;El Volcan
Costanera Center;Elite Perfumes
Costanera Center;Ellesse
Costanera Center;Entel
Costanera Center;Everlast
Costanera Center;Fabrics
Costanera Center;Falabella
Costanera Center;Farmacias Ahumada
Costanera Center;Farmacias Cruz Verde
Costanera Center;Farmacias Salcobrand
Costanera Center;Ferouch
Costanera Center;Fila
Costanera Center;Flexi
Costanera Center;Flores
Costanera Center;Florsheim
Costanera Center;Foton
Costanera Center;Froens
Costanera Center;G-Shock
Costanera Center;Gacel
Costanera Center;GAP
Costanera Center;Geekz
Costanera Center;Geely
Costanera Center;Giani Dafirenze
Costanera Center;glam&co
Costanera Center;GMO
Costanera Center;Gotta
Costanera Center;Guante
Costanera Center;Guess
Costanera Center;GWM
Costanera Center;H&M
Costanera Center;H&M Home
Costanera Center;Haka Honu
Costanera Center;Happyland
Costanera Center;Haval
Costanera Center;Head
Costanera Center;Helly Hansen
Costanera Center;HIT
Costanera Center;Hoka
Costanera Center;Hugo
Costanera Center;Hugo Boss
Costanera Center;Humana
Costanera Center;Hush Puppies
Costanera Center;Hyundai
Costanera Center;Ibikes
Costanera Center;Invicta
Costanera Center;IO
Costanera Center;Isadora
Costanera Center;Izipizi
Costanera Center;Jardín de Hadas
Costanera Center;Jeep
Costanera Center;JMC
Costanera Center;JPT Luxury
Costanera Center;JUMBO
Costanera Center;Kamalion
Costanera Center;Kannu
Costanera Center;Karl Lagerfeld
Costanera Center;Kaya unite
Costanera Center;KAYSER
Costanera Center;Kiehl's
Costanera Center;KIKO
Costanera Center;KiosClub
Costanera Center;Kipling
Costanera Center;Kuna
Costanera Center;L'Occitane
Costanera Center;La Casa de las Carcasas
Costanera Center;La Martina
Costanera Center;Lacoste
Costanera Center;LATAM Travel
Costanera Center;LeapMotor
Costanera Center;Lego
Costanera Center;Lenyes
Costanera Center;Leonisa
Costanera Center;Levis
Costanera Center;Librería Antártica
Costanera Center;Librería Nacional
Costanera Center;Limonada
Costanera Center;Lineatre
Costanera Center;Liola
Costanera Center;Lippi
Costanera Center;Little Bee / Monki Toys
Costanera Center;Longines
Costanera Center;Loto del Sur
Costanera Center;Lounge
Costanera Center;Lush
Costanera Center;Luxeny
Costanera Center;Lápiz López
Costanera Center;MAC
Costanera Center;MacOnline
Costanera Center;Madison
Costanera Center;Maicao
Costanera Center;Makeup
Costanera Center;Mammut
Costanera Center;Mango
Costanera Center;Marathon
Costanera Center;Marcela Coggiola
Costanera Center;Maui And Sons
Costanera Center;Maxi K
Costanera Center;Mazda
Costanera Center;Mecánica del Tiempo
Costanera Center;Mennt
Costanera Center;Merrell
Costanera Center;Mi Foto
Costanera Center;Mimi
Costanera Center;Mingo
Costanera Center;Miniso
Costanera Center;Mirax
Costanera Center;Mitsubishi
Costanera Center;Monarch
Costanera Center;Motorola
Costanera Center;Movistar
Costanera Center;MOW
Costanera Center;Multiservice
Costanera Center;Natura Cosméticos
Costanera Center;Nespresso
Costanera Center;New Balance
Costanera Center;New Era
Costanera Center;New Man
Costanera Center;Nike Rise
Costanera Center;Nissan
Costanera Center;Noa Joyas
Costanera Center;Nooki
Costanera Center;NYX Professional Makeup
Costanera Center;Náutica
Costanera Center;OAKLEY
Costanera Center;OKWU
Costanera Center;ONLY
Costanera Center;Opinel
Costanera Center;Original Penguin
Costanera Center;Orquídea
Costanera Center;Palumbo
Costanera Center;Panama Jack
Costanera Center;Pandora
Costanera Center;Papermark
Costanera Center;Patagonia
Costanera Center;PC Factory
Costanera Center;Perry Ellis
Costanera Center;Peugeot
Costanera Center;Pichara
Costanera Center;Pictus
Costanera Center;Piedras Australes
Costanera Center;Pillin
Costanera Center;Place Vendome
Costanera Center;Plaza Música
Costanera Center;Pollini
Costanera Center;Preunic
Costanera Center;Privilege
Costanera Center;Prüne
Costanera Center;Puma
Costanera Center;Punto Salud
Costanera Center;Raindoor
Costanera Center;Ram
Costanera Center;Rapsodia
Costanera Center;Ray Ban
Costanera Center;Red de Salud UC CHRISTUS
Costanera Center;Reebok
Costanera Center;Renault
Costanera Center;Revesderecho
Costanera Center;Rincón Jumbo
Costanera Center;Rip Curl
Costanera Center;Ripley
Costanera Center;Rock Shop
Costanera Center;Rockford
Costanera Center;Rosen
Costanera Center;Rotter & Krauss
Costanera Center;Salfa Rent
Costanera Center;Sally Beauty
Costanera Center;Salomon
Costanera Center;Samsonite
Costanera Center;Samsung Chile
Costanera Center;Saville Row
Costanera Center;Saxoline
Costanera Center;Secret
Costanera Center;SEI Carteras y Accesorios
Costanera Center;Skechers
Costanera Center;Sky Costanera
Costanera Center;Snobby
Costanera Center;Sokobox
Costanera Center;Solaris
Costanera Center;Sony
Costanera Center;Sparta
Costanera Center;Stanley
Costanera Center;Steve Madden
Costanera Center;Subaru
Costanera Center;Sunglass Hut
Costanera Center;SuperZoo
Costanera Center;Supletech
Costanera Center;Suzuki
Costanera Center;Swarovski
Costanera Center;Swatch
Costanera Center;The Body Shop
Costanera Center;The Candle Shop
Costanera Center;The Line
Costanera Center;The North Face
Costanera Center;Thule
Costanera Center;Timberland
Costanera Center;Titanic
Costanera Center;Todo Moda
Costanera Center;Todomoda Beauty
Costanera Center;Tommy Hilfiger
Costanera Center;TOP
Costanera Center;Totto
Costanera Center;Tous
Costanera Center;Toyota
Costanera Center;Tramontina
Costanera Center;Trek
Costanera Center;Trial
Costanera Center;TUA
Costanera Center;TUA Men
Costanera Center;Turistik
Costanera Center;Umbrale
Costanera Center;Under Armour
Costanera Center;VANS
Costanera Center;Viajes El Corte Inglés
Costanera Center;Viajes Falabella
Costanera Center;Victoria's Secret
Costanera Center;Victorinox
Costanera Center;Vintage by Benny
Costanera Center;Volcom
Costanera Center;Vélez
Costanera Center;Wados
Costanera Center;Weinbrenner
Costanera Center;Wellness Coaching
Costanera Center;Weplay Store
Costanera Center;Wild Lama
Costanera Center;Winkler Nutrition
Costanera Center;WOM
Costanera Center;Women Secret
Costanera Center;Wrangler
Costanera Center;X-One
Costanera Center;Xiaomi
Costanera Center;Zara
Costanera Center;Zoo York
Espacio Urbano Plaza Maipú;Bix
Espacio Urbano Plaza Maipú;Colloky
Espacio Urbano Plaza Maipú;Comercial Manuel Vega
Espacio Urbano Plaza Maipú;Farmacia Ahumada
Espacio Urbano Plaza Maipú;Farmacia Cruz Verde
Espacio Urbano Plaza Maipú;Flores
Espacio Urbano Plaza Maipú;FUN 4 ALL
Espacio Urbano Plaza Maipú;Integramédica
Espacio Urbano Plaza Maipú;La casa de las carcasas
Espacio Urbano Plaza Maipú;Lider
Espacio Urbano Plaza Maipú;Lu Nails
Espacio Urbano Plaza Maipú;Monarch
Espacio Urbano Plaza Maipú;Panini
Espacio Urbano Plaza Maipú;Parking place
Espacio Urbano Plaza Maipú;Peppermint
Espacio Urbano Plaza Maipú;Pichara
Espacio Urbano Plaza Maipú;Pink Lady
Espacio Urbano Plaza Maipú;Rotter & Krauss
Espacio Urbano Plaza Maipú;Skechers
Espacio Urbano Plaza Maipú;Sybilla
Espacio Urbano Plaza Maipú;Wolff
La Fábrica Patio Outlet;ADIDAS
La Fábrica Patio Outlet;AMPHORA
La Fábrica Patio Outlet;BIX
La Fábrica Patio Outlet;BUBBA
La Fábrica Patio Outlet;BYP ILUMINACIÓN
La Fábrica Patio Outlet;CANNON
La Fábrica Patio Outlet;CAT
La Fábrica Patio Outlet;CATALINA JOYAS
La Fábrica Patio Outlet;Celta
La Fábrica Patio Outlet;CIC
La Fábrica Patio Outlet;COLUMBIA
La Fábrica Patio Outlet;CONEY JUMP
La Fábrica Patio Outlet;CONEY PARK
La Fábrica Patio Outlet;D-HOUSE
La Fábrica Patio Outlet;DIB
La Fábrica Patio Outlet;DISCOUNT CORNER
La Fábrica Patio Outlet;DREAMS PARFUMS
La Fábrica Patio Outlet;ECOWASH CAR
La Fábrica Patio Outlet;EKOL
La Fábrica Patio Outlet;ELLESSE
La Fábrica Patio Outlet;ELLUS
La Fábrica Patio Outlet;EVER KIDS
La Fábrica Patio Outlet;FABRICS
La Fábrica Patio Outlet;FAMILY SHOP
La Fábrica Patio Outlet;FARMACIA AHUMADA
La Fábrica Patio Outlet;FARMACIA DR SIMI
La Fábrica Patio Outlet;FEROUCH
La Fábrica Patio Outlet;FICCUS
La Fábrica Patio Outlet;FLEX
La Fábrica Patio Outlet;FLORES
La Fábrica Patio Outlet;GEOGRAPHY
La Fábrica Patio Outlet;HAPPY CELLPHONE
La Fábrica Patio Outlet;HARDWORK
La Fábrica Patio Outlet;HEAD
La Fábrica Patio Outlet;INFANTI
La Fábrica Patio Outlet;KAYSER
La Fábrica Patio Outlet;LIMONADA
La Fábrica Patio Outlet;LIOLA
La Fábrica Patio Outlet;LOCKER OUTLET
La Fábrica Patio Outlet;MASHINI
La Fábrica Patio Outlet;MAUI
La Fábrica Patio Outlet;MKO
La Fábrica Patio Outlet;MUVIX
La Fábrica Patio Outlet;NACIONAL OUTLET
La Fábrica Patio Outlet;OUTLET LÍNEA BLANCA
La Fábrica Patio Outlet;OXXO
La Fábrica Patio Outlet;PARTY SAURIO
La Fábrica Patio Outlet;PEPPERMINT
La Fábrica Patio Outlet;PILLIN
La Fábrica Patio Outlet;POLEMIC
La Fábrica Patio Outlet;PRIVILEGE
La Fábrica Patio Outlet;PUMA
La Fábrica Patio Outlet;PUMUCKI
La Fábrica Patio Outlet;REGISTRO CIVIL
La Fábrica Patio Outlet;ROSEN
La Fábrica Patio Outlet;SAXOLINE
La Fábrica Patio Outlet;SIOUX
La Fábrica Patio Outlet;SKECHERS
La Fábrica Patio Outlet;SURPRICE
La Fábrica Patio Outlet;T.H.C
La Fábrica Patio Outlet;THE BRANDS CLUB
La Fábrica Patio Outlet;THORBEN
La Fábrica Patio Outlet;TOTTO
La Fábrica Patio Outlet;TOYNG
Mall Panorámico;Alto Libro
Mall Panorámico;Alto Roma
Mall Panorámico;Ben & Frank
Mall Panorámico;Cetus Store
Mall Panorámico;Dr Pet
Mall Panorámico;Ellesse
Mall Panorámico;EVA Spa Urbano
Mall Panorámico;Family Shop
Mall Panorámico;Fiesta & Regalos
Mall Panorámico;Flores
Mall Panorámico;Glam & Co
Mall Panorámico;Global Exchange
Mall Panorámico;GMO
Mall Panorámico;Hot Room Fitness
Mall Panorámico;Joyas Premium
Mall Panorámico;Juguetería Rincón Infantil
Mall Panorámico;Just in case
Mall Panorámico;Lineatre
Mall Panorámico;LORENZO DI PONTTI
Mall Panorámico;Lápiz López
Mall Panorámico;Ma Griffe
Mall Panorámico;Monarch
Mall Panorámico;Pronto Copec
Mall Panorámico;Ria
Mall Panorámico;Ring & Fitness Club
Mall Panorámico;Rotter & Krauss
Mall Panorámico;Salcobrand
Mall Panorámico;Sioux
Mall Panorámico;Smart Fit
Mall Panorámico;Top
Mall Panorámico;TUA
Mall Panorámico;Visuality
Mall Panorámico;Wados
Mall Plaza Alameda;100% FÚTBOL
Mall Plaza Alameda;ADIDAS OUTLET
Mall Plaza Alameda;AFEX
Mall Plaza Alameda;ALPHA FULL SERVICE
Mall Plaza Alameda;AUFBAU
Mall Plaza Alameda;BATA
Mall Plaza Alameda;BELSPORT
Mall Plaza Alameda;BLOCK
Mall Plaza Alameda;BOLD
Mall Plaza Alameda;BUBBLE GUMMERS
Mall Plaza Alameda;CANNON HOME
Mall Plaza Alameda;CHERY
Mall Plaza Alameda;CHEVROLET
Mall Plaza Alameda;CHIRAG PERFUMES
Mall Plaza Alameda;CIDEF
Mall Plaza Alameda;CINEPLANET
Mall Plaza Alameda;CLARO
Mall Plaza Alameda;CLICK AND COLLECT
Mall Plaza Alameda;COLISEUM
Mall Plaza Alameda;COLLOKY
Mall Plaza Alameda;COMMON NATION
Mall Plaza Alameda;DERCO
Mall Plaza Alameda;DERMOTIENDA
Mall Plaza Alameda;DR. SIMI
Mall Plaza Alameda;DUTTIES
Mall Plaza Alameda;ELLESSE
Mall Plaza Alameda;FAMILY SHOP
Mall Plaza Alameda;FARMACIAS AHUMADA
Mall Plaza Alameda;FARMACIAS CRUZ VERDE
Mall Plaza Alameda;FARMACIAS SALCOBRAND
Mall Plaza Alameda;FASHION'S PARK
Mall Plaza Alameda;FEROUCH
Mall Plaza Alameda;FIAT
Mall Plaza Alameda;FLOREMA
Mall Plaza Alameda;FLORES
Mall Plaza Alameda;FORCENTER
Mall Plaza Alameda;GEELY
Mall Plaza Alameda;GOLDEN
Mall Plaza Alameda;GOTTA
Mall Plaza Alameda;H&M
Mall Plaza Alameda;HAPPYLAND
Mall Plaza Alameda;HYUNDAI
Mall Plaza Alameda;IFROG
Mall Plaza Alameda;INTEGRAMEDICA
Mall Plaza Alameda;ISADORA
Mall Plaza Alameda;ITALSTORE
Mall Plaza Alameda;JETOUR
Mall Plaza Alameda;JOIGO
Mall Plaza Alameda;JOIGO 2
Mall Plaza Alameda;KAYSER
Mall Plaza Alameda;KIA
Mall Plaza Alameda;KOVACS
Mall Plaza Alameda;LA ARAUCANA
Mall Plaza Alameda;LA CASA DE LAS CARCASAS
Mall Plaza Alameda;LA CHASCONA COSMETICS
Mall Plaza Alameda;LE DIATONE
Mall Plaza Alameda;LIMONADA
Mall Plaza Alameda;LIPPI
Mall Plaza Alameda;MAICAO
Mall Plaza Alameda;MARKETCHES
Mall Plaza Alameda;MAUI AND SONS
Mall Plaza Alameda;MINISO
Mall Plaza Alameda;MITSUBISHI
Mall Plaza Alameda;MORE EXCHANGE
Mall Plaza Alameda;MOVIES
Mall Plaza Alameda;MOVISTAR
Mall Plaza Alameda;MR JOY
Mall Plaza Alameda;MY CASE
Mall Plaza Alameda;NATURA
Mall Plaza Alameda;NISSAN
Mall Plaza Alameda;PEPPERMINT
Mall Plaza Alameda;PETERLAND
Mall Plaza Alameda;PILLIN
Mall Plaza Alameda;PLATANITOS
Mall Plaza Alameda;POLLINI
Mall Plaza Alameda;PREUNIC
Mall Plaza Alameda;PUMA
Mall Plaza Alameda;PUNTO SALUD
Mall Plaza Alameda;REALIDAD VIRTUAL
Mall Plaza Alameda;REGISTRO CIVIL
Mall Plaza Alameda;RIPLEY
Mall Plaza Alameda;SKECHERS
Mall Plaza Alameda;SMART FIT
Mall Plaza Alameda;SPARTA
Mall Plaza Alameda;SPORTSHOP
Mall Plaza Alameda;TELETRAK
Mall Plaza Alameda;The Brands Club
Mall Plaza Alameda;THE LINE OUTLET
Mall Plaza Alameda;TOP
Mall Plaza Alameda;TOTTUS
Mall Plaza Alameda;TRIANGLASS
Mall Plaza Alameda;WINKLER NUTRITION
Mall Plaza Alameda;WOM
Mall Plaza Alameda;WOM 2
Mall Plaza Egaña;100% FÚTBOL
Mall Plaza Egaña;7 VEINTE
Mall Plaza Egaña;A3D
Mall Plaza Egaña;ADIDAS
Mall Plaza Egaña;AFEX
Mall Plaza Egaña;ALDO
Mall Plaza Egaña;ALL NUTRITION
Mall Plaza Egaña;AMERICANINO
Mall Plaza Egaña;AMPHORA
Mall Plaza Egaña;ANACAPRI
Mall Plaza Egaña;ANDES MOTOR
Mall Plaza Egaña;ANDESGEAR
Mall Plaza Egaña;ANDREA COGGIOLA
Mall Plaza Egaña;ANTARTICA
Mall Plaza Egaña;AQUI TU REMODELACION
Mall Plaza Egaña;ARROW
Mall Plaza Egaña;ASICS
Mall Plaza Egaña;AUTO SUMMIT
Mall Plaza Egaña;AWTO
Mall Plaza Egaña;BALLARY
Mall Plaza Egaña;BAMERS
Mall Plaza Egaña;BANCO FALABELLA
Mall Plaza Egaña;BATA
Mall Plaza Egaña;BATH & BODY WORKS
Mall Plaza Egaña;BEAUTY PLUS
Mall Plaza Egaña;BEAUTY WOMAN
Mall Plaza Egaña;BELLOTA
Mall Plaza Egaña;BELSPORT
Mall Plaza Egaña;BEN & FRANK
Mall Plaza Egaña;BENNY
Mall Plaza Egaña;BENNY 2
Mall Plaza Egaña;BENNY FOLK
Mall Plaza Egaña;BIKE PARKING MALLPLAZA
Mall Plaza Egaña;BLOCK
Mall Plaza Egaña;BLUSH BAR
Mall Plaza Egaña;BOAZ JOYAS
Mall Plaza Egaña;BOLD
Mall Plaza Egaña;BONDUP ESPACIO SILVER
Mall Plaza Egaña;BUBBA
Mall Plaza Egaña;BUBBLE GUMMERS
Mall Plaza Egaña;C MORAN
Mall Plaza Egaña;CAFFARENA
Mall Plaza Egaña;CANNON HOME
Mall Plaza Egaña;CASA ROYAL
Mall Plaza Egaña;CASAIDEAS
Mall Plaza Egaña;CAT
Mall Plaza Egaña;CENTER BEAUTY
Mall Plaza Egaña;CENTRO ATENCIÓN A CLIENTES
Mall Plaza Egaña;CHEVROLET
Mall Plaza Egaña;CHILEXPRESS
Mall Plaza Egaña;CIDEF
Mall Plaza Egaña;CINÉPOLIS
Mall Plaza Egaña;CIRCULO AUTOS
Mall Plaza Egaña;CLARO
Mall Plaza Egaña;CLICK AND COLLECT
Mall Plaza Egaña;CLÍNICA BELENUS
Mall Plaza Egaña;CLÍNICA CELA
Mall Plaza Egaña;COLLOKY
Mall Plaza Egaña;COLUMBIA
Mall Plaza Egaña;CONTRAPUNTO
Mall Plaza Egaña;COSECHE
Mall Plaza Egaña;COSMOS PERFUMERIA
Mall Plaza Egaña;COWORK LATAM
Mall Plaza Egaña;COWORK PRONTO ESPACIOS
Mall Plaza Egaña;CUEROS ROBLES
Mall Plaza Egaña;D BARBERS
Mall Plaza Egaña;DBS
Mall Plaza Egaña;DERCOCENTER
Mall Plaza Egaña;DERMOCOACHING BY SALCOBRAND
Mall Plaza Egaña;DERMOTIENDA
Mall Plaza Egaña;DOCKERS
Mall Plaza Egaña;DOITE
Mall Plaza Egaña;DUANDY
Mall Plaza Egaña;ECO DRY
Mall Plaza Egaña;ECO GENIUS
Mall Plaza Egaña;EL VOLCAN
Mall Plaza Egaña;ELLESSE
Mall Plaza Egaña;ENTEL
Mall Plaza Egaña;ESIKA
Mall Plaza Egaña;EUCERIN
Mall Plaza Egaña;EVA SPA
Mall Plaza Egaña;FABRICS
Mall Plaza Egaña;FALABELLA
Mall Plaza Egaña;FARMACIAS AHUMADA
Mall Plaza Egaña;FARMACIAS AHUMADA 2
Mall Plaza Egaña;FARMACIAS CRUZ VERDE
Mall Plaza Egaña;FARMACIAS CRUZ VERDE 2
Mall Plaza Egaña;FARMACIAS SALCOBRAND
Mall Plaza Egaña;FARMACIAS SALCOBRAND 2
Mall Plaza Egaña;FERIA EMPRENDEDORES
Mall Plaza Egaña;FEROUCH
Mall Plaza Egaña;FERRACINI
Mall Plaza Egaña;FLEXI
Mall Plaza Egaña;FLORES
Mall Plaza Egaña;FORD
Mall Plaza Egaña;FORUM
Mall Plaza Egaña;FULL FIGURE
Mall Plaza Egaña;FUN4ALL (FUN KART)
Mall Plaza Egaña;GACEL
Mall Plaza Egaña;GEEKZ
Mall Plaza Egaña;GLAM & CO
Mall Plaza Egaña;GMO
Mall Plaza Egaña;GOSGO
Mall Plaza Egaña;GSAYEN
Mall Plaza Egaña;GUANTE
Mall Plaza Egaña;H&M
Mall Plaza Egaña;HAPPYLAND
Mall Plaza Egaña;HEAD
Mall Plaza Egaña;HOLLY CONCEPT
Mall Plaza Egaña;HUMANA
Mall Plaza Egaña;HYUNDAI
Mall Plaza Egaña;I AM SMART
Mall Plaza Egaña;INDUMOTORA ONE
Mall Plaza Egaña;INFANTI
Mall Plaza Egaña;INTEGRAMEDICA
Mall Plaza Egaña;INTEGRAMEDICA 2
Mall Plaza Egaña;INTIME
Mall Plaza Egaña;IO
Mall Plaza Egaña;ISADORA
Mall Plaza Egaña;ISDIN
Mall Plaza Egaña;JUEGOS GORI
Mall Plaza Egaña;KAYSER
Mall Plaza Egaña;KIKO MILANO
Mall Plaza Egaña;Kios Club
Mall Plaza Egaña;KOSMETICOS
Mall Plaza Egaña;LA CASA DE LAS CARCASAS
Mall Plaza Egaña;LA CHASCONA COSMETICS
Mall Plaza Egaña;LA PAPELARIA
Mall Plaza Egaña;LAPIZ LOPEZ (Remodelación)
Mall Plaza Egaña;LEGO
Mall Plaza Egaña;LEONISA
Mall Plaza Egaña;LEVIS
Mall Plaza Egaña;LIBRERÍA NACIONAL
Mall Plaza Egaña;LIMONADA
Mall Plaza Egaña;LINEATRE
Mall Plaza Egaña;LIPPI
Mall Plaza Egaña;LOLA COSMETICS
Mall Plaza Egaña;LOULU JOYERÍA
Mall Plaza Egaña;LOUNGE
Mall Plaza Egaña;LUSH
Mall Plaza Egaña;MA GRIFFE
Mall Plaza Egaña;MAC ONLINE
Mall Plaza Egaña;MAKE UP
Mall Plaza Egaña;MANGO
Mall Plaza Egaña;MARUBENI
Mall Plaza Egaña;MASHINI
Mall Plaza Egaña;MAUI AND SONS
Mall Plaza Egaña;MAYORAL
Mall Plaza Egaña;MENNT
Mall Plaza Egaña;MERCADO RODANTE
Mall Plaza Egaña;MERRELL
Mall Plaza Egaña;MG
Mall Plaza Egaña;MI FOTO
Mall Plaza Egaña;MINISO
Mall Plaza Egaña;MITSUBISHI
Mall Plaza Egaña;MONARCH
Mall Plaza Egaña;MOVISTAR
Mall Plaza Egaña;MUNDO
Mall Plaza Egaña;MUNDO NATURAL
Mall Plaza Egaña;NATURA
Mall Plaza Egaña;NATUREL ORGANIC
Mall Plaza Egaña;NEEDLE
Mall Plaza Egaña;NEW BALANCE
Mall Plaza Egaña;NEWMAN
Mall Plaza Egaña;NIKE
Mall Plaza Egaña;NIMA
Mall Plaza Egaña;NISSAN
Mall Plaza Egaña;OPALINE
Mall Plaza Egaña;OPTICAS PLACE VENDOME
Mall Plaza Egaña;OPTICAS ROTTER & KRAUSS
Mall Plaza Egaña;OPTICAS SCHILLING
Mall Plaza Egaña;OXXO
Mall Plaza Egaña;PALUMBO
Mall Plaza Egaña;PANDORA
Mall Plaza Egaña;PANINI POINT
Mall Plaza Egaña;PC FACTORY
Mall Plaza Egaña;PEPPERMINT
Mall Plaza Egaña;PEPPERMINT 2
Mall Plaza Egaña;PEPPERMINT 3
Mall Plaza Egaña;PEUGEOT
Mall Plaza Egaña;PIAMONTE
Mall Plaza Egaña;PILLIN
Mall Plaza Egaña;PLAZA MÚSICA
Mall Plaza Egaña;POLLINI
Mall Plaza Egaña;PORTILLO
Mall Plaza Egaña;PREU PEDRO DE VALDIVIA
Mall Plaza Egaña;PREUNIC
Mall Plaza Egaña;PRIVILEGE
Mall Plaza Egaña;PUMA
Mall Plaza Egaña;PUNTO SALUD
Mall Plaza Egaña;RAINDOOR
Mall Plaza Egaña;REVESDERECHO
Mall Plaza Egaña;RIPLEY
Mall Plaza Egaña;SALA SCD
Mall Plaza Egaña;SALLY BEAUTY
Mall Plaza Egaña;SALTA PEQUES
Mall Plaza Egaña;SAMSUNG
Mall Plaza Egaña;SAXOLINE
Mall Plaza Egaña;SIOUX
Mall Plaza Egaña;SKECHERS
Mall Plaza Egaña;SOKOBOX
Mall Plaza Egaña;SPARTA
Mall Plaza Egaña;SRDIGITAL
Mall Plaza Egaña;SRDIGITAL 2
Mall Plaza Egaña;STANKO TABACOS
Mall Plaza Egaña;STARKEN
Mall Plaza Egaña;STUDIO 25
Mall Plaza Egaña;SUN BEAUTY
Mall Plaza Egaña;SUNGLASS HUT
Mall Plaza Egaña;SUPERZOO
Mall Plaza Egaña;SWAROVSKI
Mall Plaza Egaña;TABBAQ
Mall Plaza Egaña;THE BODY SHOP
Mall Plaza Egaña;TODOMODA
Mall Plaza Egaña;TOMMY HILFIGER
Mall Plaza Egaña;TOP
Mall Plaza Egaña;TOTTUS
Mall Plaza Egaña;TOUS
Mall Plaza Egaña;TOYOTA
Mall Plaza Egaña;TRIAL
Mall Plaza Egaña;TRIANGLASS
Mall Plaza Egaña;TRICOT
Mall Plaza Egaña;TUA
Mall Plaza Egaña;TUA ANTIAGE
Mall Plaza Egaña;UMARA
Mall Plaza Egaña;VAPE CHILE
Mall Plaza Egaña;VICTORIA'S SECRET
Mall Plaza Egaña;VIP AROMAS
Mall Plaza Egaña;VOLCOM
Mall Plaza Egaña;VOLKSWAGEN
Mall Plaza Egaña;WADOS
Mall Plaza Egaña;WEPLAY STORE
Mall Plaza Egaña;WILL BLOOM
Mall Plaza Egaña;WOM
Mall Plaza Egaña;ZARA
Mall Plaza Los Dominicos;100% FÚTBOL
Mall Plaza Los Dominicos;ADIDAS
Mall Plaza Los Dominicos;AFEX
Mall Plaza Los Dominicos;ALDO
Mall Plaza Los Dominicos;ALFONSO SCARPE y VENEZIANO
Mall Plaza Los Dominicos;ALL NUTRITION
Mall Plaza Los Dominicos;AMERICANINO
Mall Plaza Los Dominicos;ANTARTICA
Mall Plaza Los Dominicos;AQUÍ TU REMODELACIÓN
Mall Plaza Los Dominicos;BALLARY JOYAS
Mall Plaza Los Dominicos;BANCO FALABELLA
Mall Plaza Los Dominicos;BARRIO INDIE
Mall Plaza Los Dominicos;BATH & BLANC
Mall Plaza Los Dominicos;BELSPORT
Mall Plaza Los Dominicos;BENNY
Mall Plaza Los Dominicos;BOAZ JOYAS
Mall Plaza Los Dominicos;BOLD
Mall Plaza Los Dominicos;BUBBA
Mall Plaza Los Dominicos;CAJERO BITCOIN
Mall Plaza Los Dominicos;CARDINALE
Mall Plaza Los Dominicos;CASA ROYAL
Mall Plaza Los Dominicos;CASAIDEAS
Mall Plaza Los Dominicos;CINEPOLIS Dominicos
Mall Plaza Los Dominicos;CINEPOLIS VIP
Mall Plaza Los Dominicos;CLÍNICA BELENUS
Mall Plaza Los Dominicos;COCREA
Mall Plaza Los Dominicos;CONVERSE
Mall Plaza Los Dominicos;DBS
Mall Plaza Los Dominicos;DEMENTE GAMES
Mall Plaza Los Dominicos;DERMO EXPERT
Mall Plaza Los Dominicos;DESAFÍO ESCAPE ROOM
Mall Plaza Los Dominicos;DEVICO
Mall Plaza Los Dominicos;DOCKERS
Mall Plaza Los Dominicos;DR. SIMI
Mall Plaza Los Dominicos;DRONESTORE - NUVICO
Mall Plaza Los Dominicos;EL VOLCAN
Mall Plaza Los Dominicos;ELLESSE
Mall Plaza Los Dominicos;ENTEL
Mall Plaza Los Dominicos;EVA SPA
Mall Plaza Los Dominicos;FALABELLA
Mall Plaza Los Dominicos;FARMACIAS AHUMADA
Mall Plaza Los Dominicos;FARMACIAS CRUZ VERDE
Mall Plaza Los Dominicos;FARMACIAS CRUZ VERDE 2
Mall Plaza Los Dominicos;FARMACIAS SALCOBRAND
Mall Plaza Los Dominicos;FEROUCH
Mall Plaza Los Dominicos;FLAMENCO
Mall Plaza Los Dominicos;FLORES
Mall Plaza Los Dominicos;FONASA
Mall Plaza Los Dominicos;FORD
Mall Plaza Los Dominicos;FRIKIADOS
Mall Plaza Los Dominicos;FROENS
Mall Plaza Los Dominicos;FUNTOPIA
Mall Plaza Los Dominicos;GANGNAM MARKET
Mall Plaza Los Dominicos;GEEKZ
Mall Plaza Los Dominicos;GLAM & CO
Mall Plaza Los Dominicos;GMO
Mall Plaza Los Dominicos;GOOD BRANDS
Mall Plaza Los Dominicos;GOOLFY FLUOR
Mall Plaza Los Dominicos;H&M
Mall Plaza Los Dominicos;HANDS & CO
Mall Plaza Los Dominicos;HAPPYLAND
Mall Plaza Los Dominicos;HOGA
Mall Plaza Los Dominicos;HUSH PUPPIES
Mall Plaza Los Dominicos;IFROG
Mall Plaza Los Dominicos;IHELP
Mall Plaza Los Dominicos;INFINITY JUMP
Mall Plaza Los Dominicos;INTEGRAMEDICA
Mall Plaza Los Dominicos;IO
Mall Plaza Los Dominicos;ISADORA
Mall Plaza Los Dominicos;JACINTA TIENDA
Mall Plaza Los Dominicos;KBOING
Mall Plaza Los Dominicos;KITCHEN CENTER
Mall Plaza Los Dominicos;L'BEL
Mall Plaza Los Dominicos;LA CASA DE LAS CARCASAS
Mall Plaza Los Dominicos;LA COSTURERÍA EXPRESS
Mall Plaza Los Dominicos;LA PAPELARIA
Mall Plaza Los Dominicos;LABORATORIO UC CHRISTUS
Mall Plaza Los Dominicos;LAPIZ LOPEZ
Mall Plaza Los Dominicos;LEONISA
Mall Plaza Los Dominicos;LEVIS
Mall Plaza Los Dominicos;LIBRERÍA NACIONAL
Mall Plaza Los Dominicos;LIMONADA
Mall Plaza Los Dominicos;LINEATRE
Mall Plaza Los Dominicos;LIPPI | HAKA HONU
Mall Plaza Los Dominicos;LOCKERS BLUE EXPRESS
Mall Plaza Los Dominicos;LOLA COSMETICS
Mall Plaza Los Dominicos;LOUNGE
Mall Plaza Los Dominicos;LUMAY
Mall Plaza Los Dominicos;LUNATIC
Mall Plaza Los Dominicos;LUSH
Mall Plaza Los Dominicos;M3STORAGE
Mall Plaza Los Dominicos;MA GRIFFE
Mall Plaza Los Dominicos;MAC ONLINE
Mall Plaza Los Dominicos;MANGO
Mall Plaza Los Dominicos;MARE JOYAS
Mall Plaza Los Dominicos;MARIE CLAIRE
Mall Plaza Los Dominicos;MAUI AND SONS
Mall Plaza Los Dominicos;MI FOTO
Mall Plaza Los Dominicos;MIMU KIDS
Mall Plaza Los Dominicos;MINISO
Mall Plaza Los Dominicos;MIXTURA SUR
Mall Plaza Los Dominicos;MODULO PEPPERMINT 2
Mall Plaza Los Dominicos;MORE AMOR
Mall Plaza Los Dominicos;MOVISTAR
Mall Plaza Los Dominicos;MY CASE
Mall Plaza Los Dominicos;MYSTIQUE
Mall Plaza Los Dominicos;NATURA
Mall Plaza Los Dominicos;NEW BALANCE
Mall Plaza Los Dominicos;NEWMAN
Mall Plaza Los Dominicos;NEWTREE
Mall Plaza Los Dominicos;NOTARÍA HALES
Mall Plaza Los Dominicos;OMODA
Mall Plaza Los Dominicos;OPTICAS PLACE VENDOME
Mall Plaza Los Dominicos;OPTICAS ROTTER & KRAUSS
Mall Plaza Los Dominicos;OPTICAS SCHILLING
Mall Plaza Los Dominicos;PANINI POINT
Mall Plaza Los Dominicos;PARQUE AVENTURA INMERSIVO
Mall Plaza Los Dominicos;PET & GO
Mall Plaza Los Dominicos;PETCO
Mall Plaza Los Dominicos;PHANTOM
Mall Plaza Los Dominicos;PREUNIC
Mall Plaza Los Dominicos;PRIVILEGE
Mall Plaza Los Dominicos;PROVITABACO
Mall Plaza Los Dominicos;PUMA
Mall Plaza Los Dominicos;PUNT ROMA
Mall Plaza Los Dominicos;PUNTO DIGITAL
Mall Plaza Los Dominicos;REGISTRO CIVIL
Mall Plaza Los Dominicos;REVESDERECHO
Mall Plaza Los Dominicos;ROMANO
Mall Plaza Los Dominicos;ROSEN
Mall Plaza Los Dominicos;SAINTMALÉ
Mall Plaza Los Dominicos;SAMSUNG
Mall Plaza Los Dominicos;SARTORO SASTRERIA NACIONAL
Mall Plaza Los Dominicos;SAXOLINE
Mall Plaza Los Dominicos;SERVICIO AL CLIENTE
Mall Plaza Los Dominicos;SHAREWOW
Mall Plaza Los Dominicos;SIOUX
Mall Plaza Los Dominicos;SKECHERS
Mall Plaza Los Dominicos;SPARTA
Mall Plaza Los Dominicos;SRDIGITAL
Mall Plaza Los Dominicos;SUNGLASS HUT
Mall Plaza Los Dominicos;TATTOO ROCKERS
Mall Plaza Los Dominicos;THE BODY SHOP
Mall Plaza Los Dominicos;THE LINE
Mall Plaza Los Dominicos;TODOMODA
Mall Plaza Los Dominicos;TOP
Mall Plaza Los Dominicos;TOTTUS
Mall Plaza Los Dominicos;TRIAL
Mall Plaza Los Dominicos;TRICOT
Mall Plaza Los Dominicos;TUA
Mall Plaza Los Dominicos;UMARA
Mall Plaza Los Dominicos;UNDER ARMOUR
Mall Plaza Los Dominicos;WOLFF
Mall Plaza Norte;100% FÚTBOL
Mall Plaza Norte;5ASEC
Mall Plaza Norte;A3D
Mall Plaza Norte;ADIDAS
Mall Plaza Norte;AFEX
Mall Plaza Norte;ALL NUTRITION
Mall Plaza Norte;AMERICANINO
Mall Plaza Norte;ANTARTICA
Mall Plaza Norte;ARROW
Mall Plaza Norte;ASICS
Mall Plaza Norte;AUTOPISTA CENTRAL
Mall Plaza Norte;AUTOPISTA VESPUCIO NORTE
Mall Plaza Norte;BAMERS
Mall Plaza Norte;BANCO FALABELLA
Mall Plaza Norte;BANCO SANTANDER
Mall Plaza Norte;BARBERÍA MAESTRA
Mall Plaza Norte;BATA
Mall Plaza Norte;BATH & BODY WORKS
Mall Plaza Norte;BELSPORT
Mall Plaza Norte;BEN & FRANK
Mall Plaza Norte;BENNY
Mall Plaza Norte;BENNY 2
Mall Plaza Norte;BLOCK
Mall Plaza Norte;BLUSH BAR
Mall Plaza Norte;BOLD
Mall Plaza Norte;BUBBA
Mall Plaza Norte;CASA ROYAL
Mall Plaza Norte;CASAIDEAS
Mall Plaza Norte;CAT
Mall Plaza Norte;CELL POINT
Mall Plaza Norte;CHERY
Mall Plaza Norte;CHEVROLET
Mall Plaza Norte;CHILEXPRESS
Mall Plaza Norte;CHUCK E. CHEESE
Mall Plaza Norte;CIC
Mall Plaza Norte;CIDEF
Mall Plaza Norte;CINEMARK
Mall Plaza Norte;CLARO
Mall Plaza Norte;CLARO MÓDULO
Mall Plaza Norte;CLICK AND COLLECT
Mall Plaza Norte;CLÍNICA CELA
Mall Plaza Norte;COLLOKY
Mall Plaza Norte;CORREOS CHILE
Mall Plaza Norte;CUEROS ROBLES
Mall Plaza Norte;CURIFOR
Mall Plaza Norte;DAVITA
Mall Plaza Norte;DC
Mall Plaza Norte;DERCOCENTER
Mall Plaza Norte;DESECHABLES
Mall Plaza Norte;DHL
Mall Plaza Norte;DI BAPTISTA JOYAS
Mall Plaza Norte;DOCKERS
Mall Plaza Norte;DOREMI
Mall Plaza Norte;DR. SIMI
Mall Plaza Norte;DR. SIMI 2
Mall Plaza Norte;DUOC UC
Mall Plaza Norte;ECOCARGA
Mall Plaza Norte;ECONOPTICAS
Mall Plaza Norte;ECOWASHCAR
Mall Plaza Norte;ELECTROKEY
Mall Plaza Norte;ELLESSE
Mall Plaza Norte;ENTEL
Mall Plaza Norte;ESIKA
Mall Plaza Norte;ESPACIO SALCOBRAND
Mall Plaza Norte;EUCERIN
Mall Plaza Norte;EUROPIEL
Mall Plaza Norte;EVERLAST
Mall Plaza Norte;FALABELLA
Mall Plaza Norte;FAMILY SHOP
Mall Plaza Norte;FARMACIAS AHUMADA
Mall Plaza Norte;FARMACIAS AHUMADA 2
Mall Plaza Norte;FARMACIAS BAUM
Mall Plaza Norte;FARMACIAS CRUZ VERDE
Mall Plaza Norte;FARMACIAS CRUZ VERDE 2
Mall Plaza Norte;FARMACIAS CRUZ VERDE 3
Mall Plaza Norte;FARMACIAS SALCOBRAND
Mall Plaza Norte;FASHION´S PARK
Mall Plaza Norte;FEROUCH
Mall Plaza Norte;FICCUS
Mall Plaza Norte;FLORES
Mall Plaza Norte;FORTALEZA
Mall Plaza Norte;FUN4ALL
Mall Plaza Norte;GACEL
Mall Plaza Norte;GAES
Mall Plaza Norte;GLAM & CO
Mall Plaza Norte;GMO
Mall Plaza Norte;GOTTA
Mall Plaza Norte;GSAYEN
Mall Plaza Norte;GUANTE
Mall Plaza Norte;H&M
Mall Plaza Norte;HABLE+
Mall Plaza Norte;HABLE+ 2
Mall Plaza Norte;HAPPYLAND
Mall Plaza Norte;HEAD
Mall Plaza Norte;HIT
Mall Plaza Norte;HUELLAS
Mall Plaza Norte;HYUNDAI
Mall Plaza Norte;I AM SMART
Mall Plaza Norte;IHELP
Mall Plaza Norte;INFANTI
Mall Plaza Norte;INTEGRAMEDICA TOMA DE MUESTRAS
Mall Plaza Norte;INTIME
Mall Plaza Norte;ISADORA
Mall Plaza Norte;JETOUR
Mall Plaza Norte;JJO
Mall Plaza Norte;JOIGO
Mall Plaza Norte;JOIGO 2
Mall Plaza Norte;JOYAS BARON
Mall Plaza Norte;KAMESH
Mall Plaza Norte;KAYSER
Mall Plaza Norte;KIA
Mall Plaza Norte;LA CASA DE LAS CARCASAS
Mall Plaza Norte;LA CHASCONA COSMETICS
Mall Plaza Norte;LABORATORIO UC CHRISTUS
Mall Plaza Norte;LADY GLAMOUR
Mall Plaza Norte;LAPIZ LOPEZ
Mall Plaza Norte;LEVIS
Mall Plaza Norte;LIBRERÍA NACIONAL
Mall Plaza Norte;LIDER
Mall Plaza Norte;LIMITED
Mall Plaza Norte;LIMONADA
Mall Plaza Norte;LOS HEROES
Mall Plaza Norte;LUMAY
Mall Plaza Norte;LUXENY
Mall Plaza Norte;MAC ONLINE
Mall Plaza Norte;MAICLUB
Mall Plaza Norte;MAUI AND SONS
Mall Plaza Norte;MAX POINT
Mall Plaza Norte;MAXI K
Mall Plaza Norte;MAXUS
Mall Plaza Norte;MI FOTO
Mall Plaza Norte;MINISO
Mall Plaza Norte;MK
Mall Plaza Norte;MOBILE BARBER
Mall Plaza Norte;MONARCH
Mall Plaza Norte;MORA PAVIC
Mall Plaza Norte;MOTOROLA
Mall Plaza Norte;MOVISTAR
Mall Plaza Norte;MOVISTAR GAMECLUB
Mall Plaza Norte;MRS. SHOES
Mall Plaza Norte;MY CASE
Mall Plaza Norte;MÓDULO DE INFORMACIONES
Mall Plaza Norte;NATURA
Mall Plaza Norte;NERFIS
Mall Plaza Norte;NEW BALANCE
Mall Plaza Norte;NEW ERA
Mall Plaza Norte;NIKE
Mall Plaza Norte;NISSAN
Mall Plaza Norte;NOTARÍA BERTOLINO
Mall Plaza Norte;OFICINA DE PARKING
Mall Plaza Norte;OPALINE
Mall Plaza Norte;OPTICAS PLACE VENDOME
Mall Plaza Norte;OPTICAS ROTTER & KRAUSS
Mall Plaza Norte;OPTICAS SCHILLING
Mall Plaza Norte;OXXO
Mall Plaza Norte;PALUMBO
Mall Plaza Norte;PANDORA
Mall Plaza Norte;PANINI POINT
Mall Plaza Norte;PARIS
Mall Plaza Norte;PELUKIDZ
Mall Plaza Norte;PEPPERMINT
Mall Plaza Norte;PEPPERMINT 2
Mall Plaza Norte;PEPPERMINT 3
Mall Plaza Norte;PEQUELAND
Mall Plaza Norte;PICHARA
Mall Plaza Norte;PILLIN
Mall Plaza Norte;PINK LADY
Mall Plaza Norte;PREUNIC
Mall Plaza Norte;PUMA
Mall Plaza Norte;PUNTO DIGITAL
Mall Plaza Norte;PUNTO DIGITAL 2
Mall Plaza Norte;PUNTO SALUD
Mall Plaza Norte;PURA ESENCIA
Mall Plaza Norte;REALIDAD VIRTUAL
Mall Plaza Norte;RECOTONER STORE
Mall Plaza Norte;REEBOK
Mall Plaza Norte;REVESDERECHO
Mall Plaza Norte;RIPLEY
Mall Plaza Norte;ROCKFORD
Mall Plaza Norte;SALFA
Mall Plaza Norte;SALLY BEAUTY
Mall Plaza Norte;SAMSUNG
Mall Plaza Norte;SAXOLINE
Mall Plaza Norte;SEGUROS FALABELLA
Mall Plaza Norte;SEI
Mall Plaza Norte;SIOUX
Mall Plaza Norte;SKECHERS
Mall Plaza Norte;SMART CARGO
Mall Plaza Norte;SOCIAL VET
Mall Plaza Norte;SODIMAC
Mall Plaza Norte;SPARTA
Mall Plaza Norte;SRDIGITAL
Mall Plaza Norte;SUNGLASS HUT
Mall Plaza Norte;TECNOBOX
Mall Plaza Norte;TELETRAK
Mall Plaza Norte;THE BODY SHOP
Mall Plaza Norte;THE BRANDS CLUB
Mall Plaza Norte;THE LINE
Mall Plaza Norte;TODOMODA
Mall Plaza Norte;TOP
Mall Plaza Norte;TRIANGLASS
Mall Plaza Norte;TRICOT
Mall Plaza Norte;TUA
Mall Plaza Norte;TUA 2
Mall Plaza Norte;TUA 3
Mall Plaza Norte;UMARA
Mall Plaza Norte;VOLCOM
Mall Plaza Norte;WADOS
Mall Plaza Norte;WILL BLOOM
Mall Plaza Norte;WOLFF
Mall Plaza Norte;WOM
Mall Plaza Norte;WOM 3
Mall Plaza Norte;WOM 4
Mall Plaza Norte;XIAOMI
Mall Plaza Norte;XTREM
Mall Plaza Norte;ZOO YORK
Mall Plaza Oeste;100% FÚTBOL
Mall Plaza Oeste;A3D
Mall Plaza Oeste;ADIDAS
Mall Plaza Oeste;ADIDAS ORIGINALS
Mall Plaza Oeste;AFEX
Mall Plaza Oeste;ALL NUTRITION
Mall Plaza Oeste;AMERICANINO
Mall Plaza Oeste;ANACAPRI
Mall Plaza Oeste;ANTARTICA
Mall Plaza Oeste;ASICS
Mall Plaza Oeste;AUFBAU
Mall Plaza Oeste;AUTOKAS HONDA
Mall Plaza Oeste;AUTOKAS HONDA SSTT
Mall Plaza Oeste;AUTOPLANET
Mall Plaza Oeste;AZALEIA
Mall Plaza Oeste;BAMERS
Mall Plaza Oeste;BANCO DE CHILE
Mall Plaza Oeste;BANCO ESTADO
Mall Plaza Oeste;BANCO FALABELLA
Mall Plaza Oeste;BANCO SANTANDER
Mall Plaza Oeste;BARBERÍA MAESTRA
Mall Plaza Oeste;BATA
Mall Plaza Oeste;BATH & BODY WORKS
Mall Plaza Oeste;BELSPORT
Mall Plaza Oeste;BEN & FRANK
Mall Plaza Oeste;BENNY
Mall Plaza Oeste;BLOCK
Mall Plaza Oeste;BLUSH BAR
Mall Plaza Oeste;BOAZ JOYAS
Mall Plaza Oeste;BOLD
Mall Plaza Oeste;BRUNO FRITSCH CHERY
Mall Plaza Oeste;BRUNO FRITSCH CHRYSLER-FIAT
Mall Plaza Oeste;BUBBA
Mall Plaza Oeste;BUBBLE GUMMERS
Mall Plaza Oeste;C MORAN
Mall Plaza Oeste;CAFFARENA
Mall Plaza Oeste;CAJA LOS ANDES
Mall Plaza Oeste;CANNON HOME
Mall Plaza Oeste;CARDINALE
Mall Plaza Oeste;CARTER'S
Mall Plaza Oeste;CASA ROYAL
Mall Plaza Oeste;CASAIDEAS
Mall Plaza Oeste;CAT
Mall Plaza Oeste;CENTRO ATENCIÓN A CLIENTES
Mall Plaza Oeste;CHALADA (En remodelación)
Mall Plaza Oeste;CHUCK E. CHEESE
Mall Plaza Oeste;CIC
Mall Plaza Oeste;CIDEF
Mall Plaza Oeste;CINEMARK
Mall Plaza Oeste;CLARO
Mall Plaza Oeste;CLARO 2
Mall Plaza Oeste;CLUB VAPE CHILE
Mall Plaza Oeste;CLÍNICA BELENUS
Mall Plaza Oeste;COLLOKY
Mall Plaza Oeste;COLUMBIA
Mall Plaza Oeste;COMBI TATUAJES
Mall Plaza Oeste;CONVERSE
Mall Plaza Oeste;COSECHE CHEVROLET
Mall Plaza Oeste;COSECHE SERVICIO TÉCNICO
Mall Plaza Oeste;COWORK PRONTO ESPACIOS
Mall Plaza Oeste;CUEROS ROBLES
Mall Plaza Oeste;DBS
Mall Plaza Oeste;DC
Mall Plaza Oeste;DECATHLON
Mall Plaza Oeste;DERCO CENTER MAZDA
Mall Plaza Oeste;DERCO CENTER SERVICIO TÉCNICO
Mall Plaza Oeste;DERCO CENTER SUZUKI
Mall Plaza Oeste;DERCO CENTER USADOS
Mall Plaza Oeste;DERCO GEELY-JAC-CHANGAN-GREATW
Mall Plaza Oeste;DERMOCOACHING BY SALCOBRAND
Mall Plaza Oeste;DERMOTIENDA
Mall Plaza Oeste;DOCKERS
Mall Plaza Oeste;DOITE
Mall Plaza Oeste;DR. SIMI
Mall Plaza Oeste;DR. SIMI 2
Mall Plaza Oeste;DUOC UC
Mall Plaza Oeste;ECOCARGA
Mall Plaza Oeste;ECONOPTICAS
Mall Plaza Oeste;ECOWASHCAR
Mall Plaza Oeste;EL VOLCAN
Mall Plaza Oeste;ELITE PERFUMES
Mall Plaza Oeste;ELLESSE
Mall Plaza Oeste;ENTEL
Mall Plaza Oeste;ESIKA
Mall Plaza Oeste;EUROCAMBIO
Mall Plaza Oeste;EUROPIEL
Mall Plaza Oeste;EVERLAST
Mall Plaza Oeste;FABRICS
Mall Plaza Oeste;FALABELLA
Mall Plaza Oeste;FAMILY SHOP
Mall Plaza Oeste;FARMACIAS AHUMADA
Mall Plaza Oeste;FARMACIAS CRUZ VERDE
Mall Plaza Oeste;FARMACIAS CRUZ VERDE 2
Mall Plaza Oeste;FARMACIAS SALCOBRAND
Mall Plaza Oeste;FASHION'S PARK
Mall Plaza Oeste;FEROUCH
Mall Plaza Oeste;FERRACINI
Mall Plaza Oeste;FERRIPALDI
Mall Plaza Oeste;FIAT
Mall Plaza Oeste;FLEXI
Mall Plaza Oeste;FLORES
Mall Plaza Oeste;FORUM
Mall Plaza Oeste;GACEL
Mall Plaza Oeste;GAES
Mall Plaza Oeste;GALACAY
Mall Plaza Oeste;GANGNAM MARKET
Mall Plaza Oeste;GEEKZ
Mall Plaza Oeste;GLAM & CO
Mall Plaza Oeste;GMO
Mall Plaza Oeste;GOTTA
Mall Plaza Oeste;GUANTE
Mall Plaza Oeste;H&M
Mall Plaza Oeste;HAPPYLAND
Mall Plaza Oeste;HAPPYLAND MÓDULO
Mall Plaza Oeste;HEAD
Mall Plaza Oeste;HERNÁNDEZ M. HYUNDAI FORTALEZA
Mall Plaza Oeste;HIT
Mall Plaza Oeste;HUSH PUPPIES
Mall Plaza Oeste;IFROG
Mall Plaza Oeste;IFROG 2
Mall Plaza Oeste;IKEA
Mall Plaza Oeste;INFANTI
Mall Plaza Oeste;INTEGRAMÉDICA
Mall Plaza Oeste;INTIME
Mall Plaza Oeste;ISADORA
Mall Plaza Oeste;JAC
Mall Plaza Oeste;JOIGO
Mall Plaza Oeste;JOYAS BARON
Mall Plaza Oeste;JUMPIN
Mall Plaza Oeste;KAYSER
Mall Plaza Oeste;KINTEGRA
Mall Plaza Oeste;KOVACS
Mall Plaza Oeste;L'BEL
Mall Plaza Oeste;LA CASA DE LAS CARCASAS
Mall Plaza Oeste;LA TIENDITA DEL REBORN
Mall Plaza Oeste;LE DIATONE
Mall Plaza Oeste;LEONISA
Mall Plaza Oeste;LEVI'S
Mall Plaza Oeste;LIBRERÍA NACIONAL
Mall Plaza Oeste;LIMITED
Mall Plaza Oeste;LIMONADA
Mall Plaza Oeste;LLANTAS DEL PACIFICO
Mall Plaza Oeste;LOCKERS BLUE EXPRESS
Mall Plaza Oeste;LOOP VIRTUAL REALITY
Mall Plaza Oeste;LOUNGE
Mall Plaza Oeste;LUSH
Mall Plaza Oeste;LÁPIZ LÓPEZ
Mall Plaza Oeste;MAICAO
Mall Plaza Oeste;MAUI AND SONS
Mall Plaza Oeste;MERRELL
Mall Plaza Oeste;MI FOTO
Mall Plaza Oeste;MINISO
Mall Plaza Oeste;MONARCH
Mall Plaza Oeste;MOTOROLA
Mall Plaza Oeste;MOVISTAR
Mall Plaza Oeste;MOVISTAR 2
Mall Plaza Oeste;MULTISERVICE
Mall Plaza Oeste;NATURA
Mall Plaza Oeste;NEW BALANCE
Mall Plaza Oeste;NEW ERA
Mall Plaza Oeste;NEWTREE
Mall Plaza Oeste;NIKE
Mall Plaza Oeste;NISSAN KOVAC
Mall Plaza Oeste;ONEILL
Mall Plaza Oeste;OPTICAS PLACE VENDOME
Mall Plaza Oeste;OPTICAS PROVINCIAL
Mall Plaza Oeste;OPTICAS ROTTER & KRAUSS
Mall Plaza Oeste;OPTICAS ROTTER & KRAUSS 2
Mall Plaza Oeste;OPTICAS SCHILLING
Mall Plaza Oeste;PALUMBO
Mall Plaza Oeste;PANDORA
Mall Plaza Oeste;PANINI POINT
Mall Plaza Oeste;PARIS
Mall Plaza Oeste;PC FACTORY
Mall Plaza Oeste;PEPPERMINT
Mall Plaza Oeste;PEPPERMINT 2
Mall Plaza Oeste;PEPPERMINT 3
Mall Plaza Oeste;PEPPERMINT 4
Mall Plaza Oeste;PET & GO
Mall Plaza Oeste;PICHARA
Mall Plaza Oeste;PILLIN
Mall Plaza Oeste;PLAZA MÚSICA
Mall Plaza Oeste;POLLINI
Mall Plaza Oeste;POMPEYO CARRASCO DFSK
Mall Plaza Oeste;POMPEYO CARRASCO KIA
Mall Plaza Oeste;POMPEYO CARRASCO SUBARU
Mall Plaza Oeste;PREUNIC
Mall Plaza Oeste;PREUNIC BEAUTY
Mall Plaza Oeste;PRIVILEGE
Mall Plaza Oeste;PUMA
Mall Plaza Oeste;PURA ESENCIA
Mall Plaza Oeste;REVESDERECHO
Mall Plaza Oeste;RIP CURL
Mall Plaza Oeste;RIPLEY
Mall Plaza Oeste;ROCKFORD
Mall Plaza Oeste;SALLY BEAUTY
Mall Plaza Oeste;SAMSUNG
Mall Plaza Oeste;SAXOLINE
Mall Plaza Oeste;SEDÚCETE
Mall Plaza Oeste;SHELL
Mall Plaza Oeste;SILVER SEASON
Mall Plaza Oeste;SIOUX
Mall Plaza Oeste;SKECHERS
Mall Plaza Oeste;SMART FIT
Mall Plaza Oeste;SODIMAC
Mall Plaza Oeste;SOKOBOX
Mall Plaza Oeste;SPARTA
Mall Plaza Oeste;SRDIGITAL
Mall Plaza Oeste;SUPERZOO
Mall Plaza Oeste;SWAROVSKI
Mall Plaza Oeste;TABBAQ
Mall Plaza Oeste;TABBAQ 2
Mall Plaza Oeste;THE BODY SHOP
Mall Plaza Oeste;THE KING EXPERIENCE
Mall Plaza Oeste;THE LINE
Mall Plaza Oeste;TODOMODA
Mall Plaza Oeste;TOMMY HILFIGER
Mall Plaza Oeste;TOP
Mall Plaza Oeste;TOTTO
Mall Plaza Oeste;TOTTUS
Mall Plaza Oeste;TOUS
Mall Plaza Oeste;TOYOTA
Mall Plaza Oeste;TRIAL
Mall Plaza Oeste;TRICOT
Mall Plaza Oeste;TUA
Mall Plaza Oeste;TUA ANTIAGE
Mall Plaza Oeste;UNDER ARMOUR
Mall Plaza Oeste;VANS
Mall Plaza Oeste;VICTORIA'S SECRET
Mall Plaza Oeste;VR MAX
Mall Plaza Oeste;VÉLEZ
Mall Plaza Oeste;WADOS
Mall Plaza Oeste;WEPLAY STORE
Mall Plaza Oeste;WILL BLOOM
Mall Plaza Oeste;WINKLER NUTRITION
Mall Plaza Oeste;WOLFF
Mall Plaza Oeste;WOM
Mall Plaza Oeste;WOM 2
Mall Plaza Oeste;WOM 3
Mall Plaza Oeste;XTREM
Mall Plaza Oeste;ZACHARY PERFUMES
Mall Plaza Oeste;ZARA
Mall Plaza Oeste;ZOO YORK
Mall Plaza Sur;ADIDAS
Mall Plaza Sur;AFEX
Mall Plaza Sur;ALL NUTRITION
Mall Plaza Sur;ANTARTICA
Mall Plaza Sur;BANCO DE CHILE
Mall Plaza Sur;BANCO ESTADO
Mall Plaza Sur;BANCO FALABELLA
Mall Plaza Sur;BATA
Mall Plaza Sur;BBZ BARBIZON
Mall Plaza Sur;BELLOTA
Mall Plaza Sur;BELSPORT
Mall Plaza Sur;BENNY FOLK
Mall Plaza Sur;BENNY POP
Mall Plaza Sur;BENNY POP 2
Mall Plaza Sur;BLOCK
Mall Plaza Sur;BOLD
Mall Plaza Sur;BRUNO FRITSCH
Mall Plaza Sur;BUBBLE GUMMERS
Mall Plaza Sur;C MORAN
Mall Plaza Sur;CASA ROYAL
Mall Plaza Sur;CAT
Mall Plaza Sur;CEROGRADO
Mall Plaza Sur;CHEVROLET
Mall Plaza Sur;CHIBIPLAY
Mall Plaza Sur;CHILEXPRESS
Mall Plaza Sur;CHUCK E. CHEESE
Mall Plaza Sur;CIC
Mall Plaza Sur;CIDEF
Mall Plaza Sur;CINÉPOLIS
Mall Plaza Sur;CITROEN
Mall Plaza Sur;CLARO
Mall Plaza Sur;CLICK AND COLLECT
Mall Plaza Sur;CLÍNICA CELA
Mall Plaza Sur;COLLOKY
Mall Plaza Sur;COLUMBIA
Mall Plaza Sur;COMUNICARE
Mall Plaza Sur;CRAZY MOBILE
Mall Plaza Sur;CUEROS ROBLES
Mall Plaza Sur;DBS
Mall Plaza Sur;DERCO
Mall Plaza Sur;DERCO (CHANGAN)
Mall Plaza Sur;DERCO (GREAT WALL)
Mall Plaza Sur;DERCO (HAVAL)
Mall Plaza Sur;DERCO (MAZDA)
Mall Plaza Sur;DERCO (RENAULT)
Mall Plaza Sur;DERCO (SUZUKI)
Mall Plaza Sur;DERCOCENTER SSTT
Mall Plaza Sur;DERMOTIENDA
Mall Plaza Sur;DFSK
Mall Plaza Sur;DR. SIMI 1
Mall Plaza Sur;DR. SIMI 2
Mall Plaza Sur;DR. SIMI 3
Mall Plaza Sur;ELLESSE
Mall Plaza Sur;ENTEL
Mall Plaza Sur;FAMILY SHOP
Mall Plaza Sur;FARMACIAS AHUMADA
Mall Plaza Sur;FARMACIAS CRUZ VERDE
Mall Plaza Sur;FARMACIAS SALCOBRAND 1
Mall Plaza Sur;FARMACIAS SALCOBRAND 2
Mall Plaza Sur;FARMACIAS SALCOBRAND 3
Mall Plaza Sur;FASHION´S PARK
Mall Plaza Sur;FAST MECHANIC
Mall Plaza Sur;FEROUCH
Mall Plaza Sur;FIAT - IBEROCAR
Mall Plaza Sur;FICCUS
Mall Plaza Sur;FLOREMA
Mall Plaza Sur;FLORERÍA FIORELLA
Mall Plaza Sur;FLORES
Mall Plaza Sur;FORD
Mall Plaza Sur;FUN JUNGLE
Mall Plaza Sur;FUNSPORT
Mall Plaza Sur;GALACAY
Mall Plaza Sur;GMO
Mall Plaza Sur;GOLDEN
Mall Plaza Sur;GOTTA
Mall Plaza Sur;GUANTE | GACEL
Mall Plaza Sur;H&M
Mall Plaza Sur;HAPPYLAND
Mall Plaza Sur;HEAD
Mall Plaza Sur;HELLO BAZAR
Mall Plaza Sur;HOLLY CONCEPT
Mall Plaza Sur;HUELLAS
Mall Plaza Sur;HYUNDAI
Mall Plaza Sur;IBEROCAR (CHERY)
Mall Plaza Sur;IBEROCAR (GAC MOTOR)
Mall Plaza Sur;IBEROCAR (JEEP)
Mall Plaza Sur;IBEROCAR (JMC)
Mall Plaza Sur;IBEROCAR (MITSUBISHI)
Mall Plaza Sur;IBEROCAR (RAM)
Mall Plaza Sur;IBEROCAR (SSANGYONG)
Mall Plaza Sur;IBEROCAR AUTOPLAZA
Mall Plaza Sur;INFANTI
Mall Plaza Sur;INFINITY JUMP
Mall Plaza Sur;INTEGRAMEDICA
Mall Plaza Sur;ISADORA
Mall Plaza Sur;JAC
Mall Plaza Sur;JETOUR
Mall Plaza Sur;JIM
Mall Plaza Sur;JOIGO
Mall Plaza Sur;JOYAS BARON
Mall Plaza Sur;KAYSER
Mall Plaza Sur;KIA
Mall Plaza Sur;KOVACS
Mall Plaza Sur;KOVACS SSTT
Mall Plaza Sur;LA CASA DE LAS CARCASAS
Mall Plaza Sur;LADY GLAMOUR
Mall Plaza Sur;LEVIS
Mall Plaza Sur;LIBRERÍA NACIONAL
Mall Plaza Sur;LIDER
Mall Plaza Sur;LIMONADA
Mall Plaza Sur;LOULU JOYERÍA
Mall Plaza Sur;MAHINDRA
Mall Plaza Sur;MAICAO
Mall Plaza Sur;MAOS SUZUKI
Mall Plaza Sur;MAUI AND SONS
Mall Plaza Sur;MAXI K 1
Mall Plaza Sur;MAXI K 2
Mall Plaza Sur;MAXUS
Mall Plaza Sur;MG
Mall Plaza Sur;MIC
Mall Plaza Sur;MIMU KIDS
Mall Plaza Sur;MINISO
Mall Plaza Sur;MONARCH
Mall Plaza Sur;MORA PAVIC
Mall Plaza Sur;MOTA Y CAFFARENA
Mall Plaza Sur;MOVISTAR
Mall Plaza Sur;MY HOME & CO
Mall Plaza Sur;NATURA
Mall Plaza Sur;NISSAN
Mall Plaza Sur;OMODA
Mall Plaza Sur;OPALINE
Mall Plaza Sur;OPEL
Mall Plaza Sur;OPTICAS PLACE VENDOME
Mall Plaza Sur;OPTICAS PROVINCIAL
Mall Plaza Sur;OPTICAS ROTTER & KRAUSS
Mall Plaza Sur;OPTICAS SCHILLING
Mall Plaza Sur;PALUMBO
Mall Plaza Sur;PEPPERMINT
Mall Plaza Sur;PEQUELAND
Mall Plaza Sur;PEUGEOT
Mall Plaza Sur;PICHARA
Mall Plaza Sur;PILLIN
Mall Plaza Sur;PINK LADY
Mall Plaza Sur;PLATANITOS
Mall Plaza Sur;PLAZA MÚSICA
Mall Plaza Sur;POLLINI
Mall Plaza Sur;PREUNIC
Mall Plaza Sur;PROWASH
Mall Plaza Sur;PUMA
Mall Plaza Sur;PUNTO SALUD
Mall Plaza Sur;RALLY KART
Mall Plaza Sur;REALIDAD VIRTUAL
Mall Plaza Sur;REGISTRO CIVIL
Mall Plaza Sur;RIP CURL
Mall Plaza Sur;RIPLEY
Mall Plaza Sur;RUTA DEL MAIPO
Mall Plaza Sur;SALLY BEAUTY
Mall Plaza Sur;SAMSUNG
Mall Plaza Sur;SANTANDER WORK CAFÉ
Mall Plaza Sur;SAXOLINE
Mall Plaza Sur;SEDÚCETE
Mall Plaza Sur;SHINERAY SWM
Mall Plaza Sur;SKECHERS
Mall Plaza Sur;SMART FIT
Mall Plaza Sur;SODIMAC
Mall Plaza Sur;SPORTHOUSE
Mall Plaza Sur;SR DIGITAL
Mall Plaza Sur;Stylosos Peluqueria infantil
Mall Plaza Sur;SUBARU
Mall Plaza Sur;TECNOBOX
Mall Plaza Sur;THE LINE
Mall Plaza Sur;TODOMODA
Mall Plaza Sur;TOP
Mall Plaza Sur;TOYOTA
Mall Plaza Sur;TOYOTA - SUMMIT
Mall Plaza Sur;TUA
Mall Plaza Sur;VARONES BARBER SHOP
Mall Plaza Sur;VIP AROMAS
Mall Plaza Sur;VOLKSWAGEN - MARUBENI
Mall Plaza Sur;WADOS
Mall Plaza Sur;WEPLAY STORE
Mall Plaza Sur;WIN WIN
Mall Plaza Sur;WINKLER NUTRITION
Mall Plaza Sur;WOLFF
Mall Plaza Sur;WOM
Mall Plaza Sur;WOM 2
Mall Plaza Sur;WOM 3
Mall Plaza Sur;YAMAHA
Mall Plaza Tobalaba;A3D
Mall Plaza Tobalaba;ADIDAS
Mall Plaza Tobalaba;AFEX
Mall Plaza Tobalaba;ALL NUTRITION
Mall Plaza Tobalaba;AMATISTA
Mall Plaza Tobalaba;AMERICANINO
Mall Plaza Tobalaba;ANACAPRI
Mall Plaza Tobalaba;ANASTASSIA
Mall Plaza Tobalaba;ANTARTICA
Mall Plaza Tobalaba;AWTO
Mall Plaza Tobalaba;BAMERS
Mall Plaza Tobalaba;BANCO BCI
Mall Plaza Tobalaba;BANCO DE CHILE
Mall Plaza Tobalaba;BANCO ESTADO
Mall Plaza Tobalaba;BANCO FALABELLA
Mall Plaza Tobalaba;BANCO ITAÚ
Mall Plaza Tobalaba;BANCO SANTANDER
Mall Plaza Tobalaba;BATA
Mall Plaza Tobalaba;BEAUTY WOMAN
Mall Plaza Tobalaba;BELSPORT
Mall Plaza Tobalaba;BENNY FOLK
Mall Plaza Tobalaba;BLOCK
Mall Plaza Tobalaba;BOLD
Mall Plaza Tobalaba;BRUNO FRITSH NISSAN
Mall Plaza Tobalaba;BRUNO FRITSH PEUGEOT
Mall Plaza Tobalaba;BUBBLE GUMMERS
Mall Plaza Tobalaba;CAT
Mall Plaza Tobalaba;CHALADA
Mall Plaza Tobalaba;CHERY
Mall Plaza Tobalaba;CHILEXPRESS
Mall Plaza Tobalaba;CIC
Mall Plaza Tobalaba;CINEMARK
Mall Plaza Tobalaba;CLARO
Mall Plaza Tobalaba;CLICK AND COLLECT
Mall Plaza Tobalaba;CLINICA CELA
Mall Plaza Tobalaba;CLÍNICA BELENUS
Mall Plaza Tobalaba;COLLOKY
Mall Plaza Tobalaba;COLUMBIA
Mall Plaza Tobalaba;COMUNICARE
Mall Plaza Tobalaba;CORREOS CHILE
Mall Plaza Tobalaba;CUEROS ROBLES
Mall Plaza Tobalaba;DBS
Mall Plaza Tobalaba;DERCO SERVICIO TÉCNICO
Mall Plaza Tobalaba;DERCOCENTER
Mall Plaza Tobalaba;DERMOCOACHING BY SALCOBRAND
Mall Plaza Tobalaba;DITALCAR CHERY
Mall Plaza Tobalaba;DITALCAR FIAT
Mall Plaza Tobalaba;DITALCAR MG
Mall Plaza Tobalaba;DITALCAR MITSUBISHI
Mall Plaza Tobalaba;DITALCAR SSANGYONG
Mall Plaza Tobalaba;DITALCAR USADOS
Mall Plaza Tobalaba;DR PET
Mall Plaza Tobalaba;DR. SIMI
Mall Plaza Tobalaba;DR. SIMI 2
Mall Plaza Tobalaba;DUANDY
Mall Plaza Tobalaba;ECONOPTICAS
Mall Plaza Tobalaba;ENTEL
Mall Plaza Tobalaba;ESPACIO SALCOBRAND
Mall Plaza Tobalaba;EUROPIEL
Mall Plaza Tobalaba;FALABELLA
Mall Plaza Tobalaba;FAMILY SHOP
Mall Plaza Tobalaba;FARMACIAS AHUMADA
Mall Plaza Tobalaba;FARMACIAS CRUZ VERDE
Mall Plaza Tobalaba;FARMACIAS CRUZ VERDE 2
Mall Plaza Tobalaba;FARMACIAS CRUZ VERDE 3
Mall Plaza Tobalaba;FARMACIAS SALCOBRAND
Mall Plaza Tobalaba;FASHION´S PARK
Mall Plaza Tobalaba;FEROUCH
Mall Plaza Tobalaba;FERRACINI
Mall Plaza Tobalaba;FLORES
Mall Plaza Tobalaba;FORCENTER
Mall Plaza Tobalaba;FORDCENTER
Mall Plaza Tobalaba;GALACAY
Mall Plaza Tobalaba;GLAM & CO
Mall Plaza Tobalaba;GMO
Mall Plaza Tobalaba;GOTTA
Mall Plaza Tobalaba;GRUPO MASCOTAS
Mall Plaza Tobalaba;GUANTE | GACEL
Mall Plaza Tobalaba;H&M
Mall Plaza Tobalaba;HAPPYLAND
Mall Plaza Tobalaba;HEAD
Mall Plaza Tobalaba;HOLLY CONCEPT
Mall Plaza Tobalaba;HYUNDAI GILDEMEISTER
Mall Plaza Tobalaba;INDUMOTORA ONE
Mall Plaza Tobalaba;INTEGRAMEDICA
Mall Plaza Tobalaba;ISADORA
Mall Plaza Tobalaba;JETOUR
Mall Plaza Tobalaba;JOIGO
Mall Plaza Tobalaba;JOYAS BARON
Mall Plaza Tobalaba;JOYERIA SAN AGUSTIN
Mall Plaza Tobalaba;KAYSER
Mall Plaza Tobalaba;KIA
Mall Plaza Tobalaba;KIA SERVICIO TÉCNICO
Mall Plaza Tobalaba;LA CASA DE LAS CARCASAS
Mall Plaza Tobalaba;LAPIZ LOPEZ
Mall Plaza Tobalaba;LEONISA
Mall Plaza Tobalaba;LEVIS
Mall Plaza Tobalaba;LIBRERÍA NACIONAL
Mall Plaza Tobalaba;Lorenzo Di Ponti
Mall Plaza Tobalaba;LOULU JOYERÍA
Mall Plaza Tobalaba;MAC ONLINE
Mall Plaza Tobalaba;MAICAO
Mall Plaza Tobalaba;MAKE UP
Mall Plaza Tobalaba;MAUI AND SONS
Mall Plaza Tobalaba;MAX POINT
Mall Plaza Tobalaba;MAX POINT 2
Mall Plaza Tobalaba;MG (DIFOR)
Mall Plaza Tobalaba;MI FOTO
Mall Plaza Tobalaba;MINISO
Mall Plaza Tobalaba;MONARCH
Mall Plaza Tobalaba;MOVISTAR
Mall Plaza Tobalaba;NAILS CHIC
Mall Plaza Tobalaba;NATURA
Mall Plaza Tobalaba;NATUREL ORGANIC
Mall Plaza Tobalaba;OFICINA DE PARKING
Mall Plaza Tobalaba;OPALINE
Mall Plaza Tobalaba;OPTICAS PLACE VENDOME
Mall Plaza Tobalaba;OPTICAS ROTTER & KRAUSS
Mall Plaza Tobalaba;OPTICAS SCHILLING
Mall Plaza Tobalaba;PALUMBO
Mall Plaza Tobalaba;PANDORA
Mall Plaza Tobalaba;PEPPERMINT
Mall Plaza Tobalaba;PEPPERMINT 2
Mall Plaza Tobalaba;PILLIN
Mall Plaza Tobalaba;PLAZA MÚSICA
Mall Plaza Tobalaba;POMPEYO C. BYD - SUBARU - ZX
Mall Plaza Tobalaba;POTROS
Mall Plaza Tobalaba;PREUNIC
Mall Plaza Tobalaba;PROWASH
Mall Plaza Tobalaba;PUMA
Mall Plaza Tobalaba;PUNTO SALUD
Mall Plaza Tobalaba;PUNTO URBANO
Mall Plaza Tobalaba;PURA ESENCIA
Mall Plaza Tobalaba;RALLY KART
Mall Plaza Tobalaba;REGISTRO CIVIL
Mall Plaza Tobalaba;RIPLEY
Mall Plaza Tobalaba;SALLY BEAUTY
Mall Plaza Tobalaba;SALON KIDS
Mall Plaza Tobalaba;SAMSUNG
Mall Plaza Tobalaba;SAN AGUSTIN
Mall Plaza Tobalaba;SAXOLINE
Mall Plaza Tobalaba;SIOUX
Mall Plaza Tobalaba;SODIMAC
Mall Plaza Tobalaba;SPARTA
Mall Plaza Tobalaba;SRDIGITAL
Mall Plaza Tobalaba;SUNGLASS HUT
Mall Plaza Tobalaba;TABAQUERÍA 777
Mall Plaza Tobalaba;TECNOBOX
Mall Plaza Tobalaba;TODOMODA
Mall Plaza Tobalaba;TODOMODA BEAUTY
Mall Plaza Tobalaba;TOP
Mall Plaza Tobalaba;TOTTUS
Mall Plaza Tobalaba;TOYOTA
Mall Plaza Tobalaba;TU ESENCIA PERFUMERÍA
Mall Plaza Tobalaba;TUA 2
Mall Plaza Tobalaba;TUA ANTIAGE
Mall Plaza Tobalaba;VOLKSWAGEN
Mall Plaza Tobalaba;WADOS
Mall Plaza Tobalaba;WEINBRENNER
Mall Plaza Tobalaba;WILL BLOOM
Mall Plaza Tobalaba;WINKLER NUTRITION
Mall Plaza Tobalaba;WOM
Mall Plaza Tobalaba;XTREM
Mall Plaza Tobalaba;ÉSIKA
Mall Plaza Vespucio;100% FÚTBOL
Mall Plaza Vespucio;ADIDAS
Mall Plaza Vespucio;ADIDAS KIDS
Mall Plaza Vespucio;ADIDAS ORIGINALS
Mall Plaza Vespucio;AFEX
Mall Plaza Vespucio;AFEX 2
Mall Plaza Vespucio;AFP CAPITAL
Mall Plaza Vespucio;ALISHA PERFUMES
Mall Plaza Vespucio;ALL NUTRITION
Mall Plaza Vespucio;AMERICANINO
Mall Plaza Vespucio;AMPHORA
Mall Plaza Vespucio;ANACAPRI
Mall Plaza Vespucio;ANDESGEAR
Mall Plaza Vespucio;ANTARTICA
Mall Plaza Vespucio;ASICS
Mall Plaza Vespucio;ASTARA (BYD)
Mall Plaza Vespucio;ASTARA (GAC)
Mall Plaza Vespucio;AUDIOMUSICA
Mall Plaza Vespucio;AUFBAU
Mall Plaza Vespucio;AZALEIA
Mall Plaza Vespucio;BAMERS
Mall Plaza Vespucio;BANCO ESTADO
Mall Plaza Vespucio;BANCO ESTADO EXPRESS
Mall Plaza Vespucio;BANCO FALABELLA
Mall Plaza Vespucio;BANCO ITAÚ
Mall Plaza Vespucio;BARBERÍA MAESTRA
Mall Plaza Vespucio;BATA
Mall Plaza Vespucio;BATH & BODY WORKS
Mall Plaza Vespucio;BEAUTY PLUS
Mall Plaza Vespucio;BEAUTY WOMAN
Mall Plaza Vespucio;BELSPORT
Mall Plaza Vespucio;BELSPORT 2
Mall Plaza Vespucio;BEN & FRANK
Mall Plaza Vespucio;BENNY
Mall Plaza Vespucio;BENNY 2
Mall Plaza Vespucio;BENNY 3
Mall Plaza Vespucio;BENNY 4
Mall Plaza Vespucio;BENNY 5
Mall Plaza Vespucio;BLACK BUBBA
Mall Plaza Vespucio;BLOCK MAN
Mall Plaza Vespucio;BLUSH BAR
Mall Plaza Vespucio;BOAZ JOYAS
Mall Plaza Vespucio;BOLD
Mall Plaza Vespucio;BRUNO FRITSCH (MG)
Mall Plaza Vespucio;BRUNO FRITSCH (NISSAN)
Mall Plaza Vespucio;BRUNO FRITSCH (OMODA)
Mall Plaza Vespucio;BRUNO FRITSCH (OPEL)
Mall Plaza Vespucio;BRUNO FRITSCH (PEUGEOT)
Mall Plaza Vespucio;BRUNO FRITSCH (TOYOTA)
Mall Plaza Vespucio;BUBBA
Mall Plaza Vespucio;BUBBLE GUMMERS
Mall Plaza Vespucio;CAFFARENA
Mall Plaza Vespucio;CALVIN KLEIN JEANS
Mall Plaza Vespucio;CANNON HOME
Mall Plaza Vespucio;CAPUAL
Mall Plaza Vespucio;CARDINALE
Mall Plaza Vespucio;CASA ROYAL
Mall Plaza Vespucio;CASA ROYAL 2
Mall Plaza Vespucio;CASAIDEAS
Mall Plaza Vespucio;CASIO
Mall Plaza Vespucio;CAT
Mall Plaza Vespucio;CAT CELULAR
Mall Plaza Vespucio;CENTRO ATENCIÓN A CLIENTES
Mall Plaza Vespucio;CENTRO ATENCIÓN A CLIENTES 2
Mall Plaza Vespucio;CHC
Mall Plaza Vespucio;CHILEXPRESS
Mall Plaza Vespucio;CIDEF
Mall Plaza Vespucio;CIDEF (DFM)
Mall Plaza Vespucio;CIDEF (FOTON)
Mall Plaza Vespucio;CIDEF (LEAPMOTOR)
Mall Plaza Vespucio;CIDEF (ZNA)
Mall Plaza Vespucio;CINEMARK
Mall Plaza Vespucio;CLARO
Mall Plaza Vespucio;CLARO 2
Mall Plaza Vespucio;CLARO 3
Mall Plaza Vespucio;CLARO 4
Mall Plaza Vespucio;CLARO 5
Mall Plaza Vespucio;CLICAR
Mall Plaza Vespucio;CLICK AND COLLECT
Mall Plaza Vespucio;CLINICA DEL CALZADO
Mall Plaza Vespucio;CLUB VAPE CHILE
Mall Plaza Vespucio;CLÍNICA BELENUS
Mall Plaza Vespucio;CLÍNICA CELA
Mall Plaza Vespucio;CLÍNICA DÁVILA VESPUCIO
Mall Plaza Vespucio;COANIQUEM STORE
Mall Plaza Vespucio;COCHA
Mall Plaza Vespucio;COLLAGE
Mall Plaza Vespucio;COLLOKY
Mall Plaza Vespucio;COLLOKY 2
Mall Plaza Vespucio;COLMENA
Mall Plaza Vespucio;COLUMBIA
Mall Plaza Vespucio;COMMON NATION
Mall Plaza Vespucio;CONVERSE
Mall Plaza Vespucio;CORREOS CHILE
Mall Plaza Vespucio;COSECHE (CHEVROLET)
Mall Plaza Vespucio;COSECHE SERVICIO TÉCNICO
Mall Plaza Vespucio;COSTANERA NORTE
Mall Plaza Vespucio;CROCS
Mall Plaza Vespucio;CUEROS ROBLES
Mall Plaza Vespucio;DBS
Mall Plaza Vespucio;DC
Mall Plaza Vespucio;DECATHLON
Mall Plaza Vespucio;DERCO (CHANGAN)
Mall Plaza Vespucio;DERCO (GREAT WALL)
Mall Plaza Vespucio;DERCO (HAVAL)
Mall Plaza Vespucio;DERCO (JAC)
Mall Plaza Vespucio;DERCO (MAZDA)
Mall Plaza Vespucio;DERCO (RENAULT)
Mall Plaza Vespucio;DERCO (SUZUKI)
Mall Plaza Vespucio;DERCOCENTER
Mall Plaza Vespucio;DERMACENTER
Mall Plaza Vespucio;DERMOCOACHING BY SALCOBRAND
Mall Plaza Vespucio;DIFOR (CUPRA)
Mall Plaza Vespucio;DIFOR (FORD)
Mall Plaza Vespucio;DIFOR (JETOUR)
Mall Plaza Vespucio;DIFOR (KAIYI)
Mall Plaza Vespucio;DIFOR (KARRY)
Mall Plaza Vespucio;DIFOR (MAXUS)
Mall Plaza Vespucio;DIFOR (SEAT)
Mall Plaza Vespucio;DIFOR (VOLKSWAGEN)
Mall Plaza Vespucio;DIMEIGGS
Mall Plaza Vespucio;DJI DRONESTORE
Mall Plaza Vespucio;DOITE
Mall Plaza Vespucio;DR. SIMI
Mall Plaza Vespucio;DR. SIMI 2
Mall Plaza Vespucio;DR. SIMI 3
Mall Plaza Vespucio;DR. SIMI 4
Mall Plaza Vespucio;DUOC UC
Mall Plaza Vespucio;DUOC UC 2
Mall Plaza Vespucio;ECONÓPTICAS
Mall Plaza Vespucio;ECOWASHCAR
Mall Plaza Vespucio;ECOWASHCAR 2
Mall Plaza Vespucio;ELLESSE
Mall Plaza Vespucio;ENTEL
Mall Plaza Vespucio;ESIKA
Mall Plaza Vespucio;EUROPIEL
Mall Plaza Vespucio;EUROPIEL 2
Mall Plaza Vespucio;EVERLAST
Mall Plaza Vespucio;FALABELLA
Mall Plaza Vespucio;FAMILY SHOP
Mall Plaza Vespucio;FARMACIAS AHUMADA
Mall Plaza Vespucio;FARMACIAS AHUMADA 2
Mall Plaza Vespucio;FARMACIAS AHUMADA 3
Mall Plaza Vespucio;FARMACIAS AHUMADA 4
Mall Plaza Vespucio;FARMACIAS CRUZ VERDE
Mall Plaza Vespucio;FARMACIAS CRUZ VERDE 2
Mall Plaza Vespucio;FARMACIAS CRUZ VERDE 3
Mall Plaza Vespucio;FARMACIAS CRUZ VERDE 4
Mall Plaza Vespucio;FARMACIAS CRUZ VERDE 5
Mall Plaza Vespucio;FARMACIAS SALCOBRAND
Mall Plaza Vespucio;FARMACIAS SALCOBRAND 2
Mall Plaza Vespucio;FARMACIAS SALCOBRAND 3
Mall Plaza Vespucio;FASHION'S PARK
Mall Plaza Vespucio;FEROUCH
Mall Plaza Vespucio;FESTINA GROUP
Mall Plaza Vespucio;FLEXI
Mall Plaza Vespucio;FLORERIA PARIS
Mall Plaza Vespucio;FLORES
Mall Plaza Vespucio;FUN4ALL
Mall Plaza Vespucio;GACEL
Mall Plaza Vespucio;GAP
Mall Plaza Vespucio;GEEKZ
Mall Plaza Vespucio;GILDEMEISTER (BAIC)
Mall Plaza Vespucio;GILDEMEISTER (HYUNDAI)
Mall Plaza Vespucio;GILDEMEISTER (MAHINDRA)
Mall Plaza Vespucio;GILDEMEISTER (SHINERAY | SWM)
Mall Plaza Vespucio;GLAM & CO
Mall Plaza Vespucio;GMO (En Remodelación)
Mall Plaza Vespucio;GOLDEN
Mall Plaza Vespucio;GOTTA
Mall Plaza Vespucio;GREEN DOLPHIN
Mall Plaza Vespucio;GUANTE
Mall Plaza Vespucio;GUESS
Mall Plaza Vespucio;GUILLERMO MORALES (CHERY)
Mall Plaza Vespucio;GUILLERMO MORALES (EXEED)
Mall Plaza Vespucio;GUILLERMO MORALES (MITSUBISHI)
Mall Plaza Vespucio;GUILLERMO MORALES (SSANGYONG)
Mall Plaza Vespucio;H&M
Mall Plaza Vespucio;HAPPYLAND
Mall Plaza Vespucio;HAPPYLAND 2
Mall Plaza Vespucio;HEAD
Mall Plaza Vespucio;HIT
Mall Plaza Vespucio;HOLLY CONCEPT
Mall Plaza Vespucio;HUELLAS
Mall Plaza Vespucio;HURACÁN de HAPPYLAND
Mall Plaza Vespucio;HUSH PUPPIES
Mall Plaza Vespucio;IHELP
Mall Plaza Vespucio;INDUMOTORA ONE (KIA)
Mall Plaza Vespucio;INFANTI
Mall Plaza Vespucio;INTEGRAMEDICA
Mall Plaza Vespucio;INTEGRAMEDICA 2
Mall Plaza Vespucio;INTEGRAMEDICA CARDIOLOGÍA
Mall Plaza Vespucio;INTIME
Mall Plaza Vespucio;ISADORA
Mall Plaza Vespucio;JAGI CAPS
Mall Plaza Vespucio;JJO
Mall Plaza Vespucio;JOYAS BARON
Mall Plaza Vespucio;JUEGOS GORI
Mall Plaza Vespucio;JUMPIN
Mall Plaza Vespucio;K-MI STUDIO
Mall Plaza Vespucio;KAYSER
Mall Plaza Vespucio;KOSMETICOS
Mall Plaza Vespucio;LA ARAUCANA
Mall Plaza Vespucio;LA CASA DE LAS CARCASAS
Mall Plaza Vespucio;LA CHASCONA COSMETICS
Mall Plaza Vespucio;LA PAPELARIA
Mall Plaza Vespucio;LA RELOJERÍA
Mall Plaza Vespucio;LABORATORIO UC CHRISTUS
Mall Plaza Vespucio;LADY GLAMOUR
Mall Plaza Vespucio;LAPIZ LOPEZ
Mall Plaza Vespucio;LAPIZ LOPEZ 2
Mall Plaza Vespucio;LAUNCH COWORKING
Mall Plaza Vespucio;LE DIATONE
Mall Plaza Vespucio;LEGO
Mall Plaza Vespucio;LEONISA
Mall Plaza Vespucio;LEVIS
Mall Plaza Vespucio;LIBRERÍA NACIONAL
Mall Plaza Vespucio;LIDER
Mall Plaza Vespucio;LIMITED
Mall Plaza Vespucio;LIMONADA
Mall Plaza Vespucio;LINEATRE
Mall Plaza Vespucio;LIPPI | HAKA HONU
Mall Plaza Vespucio;LOLA COSMETICS
Mall Plaza Vespucio;LORIS PARFUM
Mall Plaza Vespucio;LOULU JOYERÍA
Mall Plaza Vespucio;LOUNGE
Mall Plaza Vespucio;LUCID DREAMS
Mall Plaza Vespucio;LUMAY
Mall Plaza Vespucio;LUSH
Mall Plaza Vespucio;LUXENY
Mall Plaza Vespucio;MAICAO
Mall Plaza Vespucio;MAKE UP
Mall Plaza Vespucio;MAKE UP EXPRESS
Mall Plaza Vespucio;MARUBENI (CITROEN)
Mall Plaza Vespucio;MAUI AND SONS
Mall Plaza Vespucio;MAXI K
Mall Plaza Vespucio;MAXI K 2
Mall Plaza Vespucio;MERRELL
Mall Plaza Vespucio;MI FOTO
Mall Plaza Vespucio;MI PLACARD
Mall Plaza Vespucio;MIC
Mall Plaza Vespucio;MINIPARK
Mall Plaza Vespucio;MINISO
Mall Plaza Vespucio;MODULO CARGA DE CELULARES
Mall Plaza Vespucio;MONARCH
Mall Plaza Vespucio;MOTOKIDS
Mall Plaza Vespucio;MOTOROLA
Mall Plaza Vespucio;MOVISTAR
Mall Plaza Vespucio;MOVISTAR 2
Mall Plaza Vespucio;MOVISTAR 5
Mall Plaza Vespucio;MOVISTAR GAMECLUB
Mall Plaza Vespucio;MUNDO
Mall Plaza Vespucio;NATURA
Mall Plaza Vespucio;NATUREL ORGANIC
Mall Plaza Vespucio;NBA STORE
Mall Plaza Vespucio;NEEDLE
Mall Plaza Vespucio;NEW BALANCE
Mall Plaza Vespucio;NEW ERA
Mall Plaza Vespucio;NEWMAN
Mall Plaza Vespucio;NIKE
Mall Plaza Vespucio;NÍCOLA PELUQUERÍA
Mall Plaza Vespucio;OFICINA DE PARKING
Mall Plaza Vespucio;OPALINE
Mall Plaza Vespucio;OPTICAS PLACE VENDOME
Mall Plaza Vespucio;OPTICAS ROTTER & KRAUSS
Mall Plaza Vespucio;OPTICAS ROTTER & KRAUSS 2
Mall Plaza Vespucio;OPTICAS SCHILLING
Mall Plaza Vespucio;OXXO
Mall Plaza Vespucio;PALUMBO
Mall Plaza Vespucio;PANDORA
Mall Plaza Vespucio;PANINI POINT
Mall Plaza Vespucio;PARIS
Mall Plaza Vespucio;PARQUE AVENTURA KIDS
Mall Plaza Vespucio;PAUSA MASAJES EXPRESS
Mall Plaza Vespucio;PC FACTORY
Mall Plaza Vespucio;PEPPERMINT
Mall Plaza Vespucio;PEPPERMINT 2
Mall Plaza Vespucio;PET HAPPY
Mall Plaza Vespucio;PHOTO PRINTING
Mall Plaza Vespucio;PICHARA
Mall Plaza Vespucio;PICHARA 2
Mall Plaza Vespucio;PILLIN
Mall Plaza Vespucio;PLAZA MÚSICA
Mall Plaza Vespucio;POLLINI
Mall Plaza Vespucio;POMPEYO CARRASCO (SUBARU)
Mall Plaza Vespucio;PREUNIC
Mall Plaza Vespucio;PREUNIC 2
Mall Plaza Vespucio;PRÜNE
Mall Plaza Vespucio;PUMA
Mall Plaza Vespucio;PUNTO SALUD
Mall Plaza Vespucio;PURA ESENCIA
Mall Plaza Vespucio;RALLY KART
Mall Plaza Vespucio;RALLY KART MÓDULO
Mall Plaza Vespucio;REALIDAD VIRTUAL
Mall Plaza Vespucio;REGISTRO CIVIL
Mall Plaza Vespucio;REVESDERECHO
Mall Plaza Vespucio;RIP CURL
Mall Plaza Vespucio;RIPLEY
Mall Plaza Vespucio;ROCKFORD
Mall Plaza Vespucio;ROSA Y MENTA
Mall Plaza Vespucio;SALA DE PRIMEROS AUXILIOS
Mall Plaza Vespucio;SALLY BEAUTY
Mall Plaza Vespucio;SAMSUNG
Mall Plaza Vespucio;SANTA ISABEL
Mall Plaza Vespucio;SAXOLINE
Mall Plaza Vespucio;SEDÚCETE
Mall Plaza Vespucio;SERVICIO NACIONAL MIGRACIONES
Mall Plaza Vespucio;SERVIPAG
Mall Plaza Vespucio;SILK PERFUMES
Mall Plaza Vespucio;SILVER SEASON
Mall Plaza Vespucio;SIOUX
Mall Plaza Vespucio;SKECHERS
Mall Plaza Vespucio;SLEVE
Mall Plaza Vespucio;SMART FIT
Mall Plaza Vespucio;SMART PROTECT
Mall Plaza Vespucio;SOKOBOX
Mall Plaza Vespucio;SPARTA
Mall Plaza Vespucio;SPORTSHOP EVERLAST
Mall Plaza Vespucio;SPOT ESSENCE
Mall Plaza Vespucio;SR DIGITAL
Mall Plaza Vespucio;SR DIGITAL 2
Mall Plaza Vespucio;STEVE MADDEN
Mall Plaza Vespucio;SUNGLASS HUT (En Remodelación)
Mall Plaza Vespucio;SUPERZOO
Mall Plaza Vespucio;SWAROVSKI
Mall Plaza Vespucio;Tarjeta Vecino La Florida
Mall Plaza Vespucio;THE LINE
Mall Plaza Vespucio;TODOMODA
Mall Plaza Vespucio;TODOMODA BEAUTY
Mall Plaza Vespucio;TOMMY HILFIGER
Mall Plaza Vespucio;TOP
Mall Plaza Vespucio;TOTTO
Mall Plaza Vespucio;TOUS
Mall Plaza Vespucio;TRIANGLASS
Mall Plaza Vespucio;TRICOT
Mall Plaza Vespucio;TU ESENCIA PERFUMERÍA
Mall Plaza Vespucio;TUA
Mall Plaza Vespucio;TUA 2
Mall Plaza Vespucio;TUA 3
Mall Plaza Vespucio;TUA MEN
Mall Plaza Vespucio;UMBRALE
Mall Plaza Vespucio;UNDER ARMOUR
Mall Plaza Vespucio;UNNIE BEAUTY
Mall Plaza Vespucio;VACUNATORIO
Mall Plaza Vespucio;VANS
Mall Plaza Vespucio;VIAJES FALABELLA
Mall Plaza Vespucio;VICTORIA'S SECRET
Mall Plaza Vespucio;VISIONARY
Mall Plaza Vespucio;VÉLEZ
Mall Plaza Vespucio;WADOS
Mall Plaza Vespucio;WAYU
Mall Plaza Vespucio;WEIDE
Mall Plaza Vespucio;WEPLAY STORE
Mall Plaza Vespucio;WESTERN UNION
Mall Plaza Vespucio;WILD LAMA
Mall Plaza Vespucio;WILL BLOOM
Mall Plaza Vespucio;WOLFF
Mall Plaza Vespucio;WOM
Mall Plaza Vespucio;WOM 2
Mall Plaza Vespucio;WOM 3
Mall Plaza Vespucio;WOM 4
Mall Plaza Vespucio;WRINKLER NUTRITION
Mall Plaza Vespucio;ZARA
Mall Plaza Vespucio;ZITA BY TUA
Mall Plaza Vespucio;ZONA DE TAXIS
Mall Plaza Vespucio;ZONA DE TAXIS 2
Mall Plaza Vespucio;ZOO YORK
Mall Plaza Vespucio;¡QUÉ COREANA!
Mall Sport;100% FÚTBOL
Mall Sport;5.11
Mall Sport;7VEINTE
Mall Sport;ADIDAS TERREX
Mall Sport;ANDES TOURING
Mall Sport;ANDESGEAR
Mall Sport;ANDPAC
Mall Sport;ARENA
Mall Sport;ASICS
Mall Sport;AWL
Mall Sport;B SOUL
Mall Sport;BABOLAT
Mall Sport;BESTWAY
Mall Sport;BIANCHI STORE
Mall Sport;BIKING
Mall Sport;CAZA & ARMAS
Mall Sport;COLUMBIA
Mall Sport;CROSS MOUNTAIN
Mall Sport;D´BARBERS
Mall Sport;ECOWASH CAR
Mall Sport;EMPORIO DON MAX
Mall Sport;EXTREME ZONE CYCLES
Mall Sport;FLY SHOP
Mall Sport;FULLBIKE
Mall Sport;GARMIN
Mall Sport;HAKA HONU
Mall Sport;HELLY HANSEN
Mall Sport;IBIKES
Mall Sport;IHELP MAS
Mall Sport;KANO
Mall Sport;KHAPIA
Mall Sport;KINEGUN
Mall Sport;KUGAN
Mall Sport;KÜHL
Mall Sport;LEGO
Mall Sport;LIFEFITNEES
Mall Sport;LIPPI
Mall Sport;MOUNTAIN HARD WEAR
Mall Sport;NEW BALANCE
Mall Sport;NIMTU
Mall Sport;NINFA DEL SUR
Mall Sport;PALMAX
Mall Sport;PATAGONIA
Mall Sport;PEDALCITY
Mall Sport;PINK RABBIT
Mall Sport;PROUTDOOR
Mall Sport;SALOMON
Mall Sport;SPARTA
Mall Sport;SPEEDIANCE
Mall Sport;SPEEDO
Mall Sport;SUNGLASS HUT
Mall Sport;SUPLETECH
Mall Sport;TATOO
Mall Sport;THE NORTH FACE
Mall Sport;THULE
Mall Sport;TODO TRIATLÓN
Mall Sport;TODOTRAILRUN
Mall Sport;TRAIL STORE
Mall Sport;TREK BICYCLE STORE
Mall Sport;UNDER ARMOUR
Mall Sport;URBAN GO
Mall Sport;VELOPRO
Mall Sport;VICTORINOX
Mall Sport;VOLKANICA
Mall Sport;WILSON
Mid Mall Maipú;100% Fútbol
Mid Mall Maipú;Baby Infanti
Mid Mall Maipú;Baziani
Mid Mall Maipú;BIX
Mid Mall Maipú;Brand Box
Mid Mall Maipú;Cannon
Mid Mall Maipú;CellPhone
Mid Mall Maipú;Chalada
Mid Mall Maipú;Cinemark
Mid Mall Maipú;Ellese
Mid Mall Maipú;Energy
Mid Mall Maipú;Everlast
Mid Mall Maipú;Family Park
Mid Mall Maipú;Family Shop
Mid Mall Maipú;Ferouch
Mid Mall Maipú;Gadgets & toys
Mid Mall Maipú;Geography
Mid Mall Maipú;Guante/Gacel
Mid Mall Maipú;Intime
Mid Mall Maipú;Italstore
Mid Mall Maipú;Kayser
Mid Mall Maipú;La Barrica
Mid Mall Maipú;Limonada
Mid Mall Maipú;Lápiz López
Mid Mall Maipú;Maui
Mid Mall Maipú;NRG
Mid Mall Maipú;Polemic
Mid Mall Maipú;Punto Crystals
Mid Mall Maipú;Puro Love
Mid Mall Maipú;Rocibelle Joyas
Mid Mall Maipú;Rotter & Krauss
Mid Mall Maipú;Sioux
Mid Mall Maipú;Starken
Mid Mall Maipú;Surprice
Mid Mall Maipú;The Line
Mid Mall Maipú;Thorben
MUT (Mercado Urbano Tobalaba);Adidas
MUT (Mercado Urbano Tobalaba);Afex
MUT (Mercado Urbano Tobalaba);All Nutrition
MUT (Mercado Urbano Tobalaba);ASICS SportStyle
MUT (Mercado Urbano Tobalaba);Azafrán
MUT (Mercado Urbano Tobalaba);BackOnline
MUT (Mercado Urbano Tobalaba);Bath & Blanc
MUT (Mercado Urbano Tobalaba);Below
MUT (Mercado Urbano Tobalaba);Ben & Frank
MUT (Mercado Urbano Tobalaba);Bendito
MUT (Mercado Urbano Tobalaba);Black Bubba
MUT (Mercado Urbano Tobalaba);Blends and Tea
MUT (Mercado Urbano Tobalaba);Blueblood
MUT (Mercado Urbano Tobalaba);Blum Kidz
MUT (Mercado Urbano Tobalaba);Blundstone
MUT (Mercado Urbano Tobalaba);Blush Bar
MUT (Mercado Urbano Tobalaba);Bubba Bags
MUT (Mercado Urbano Tobalaba);Bumi Lifestyle
MUT (Mercado Urbano Tobalaba);By Buenavista
MUT (Mercado Urbano Tobalaba);Casa de las Infusiones
MUT (Mercado Urbano Tobalaba);Cavalera
MUT (Mercado Urbano Tobalaba);Central Orgánica
MUT (Mercado Urbano Tobalaba);Chile Vintage
MUT (Mercado Urbano Tobalaba);Cocó de la Vega
MUT (Mercado Urbano Tobalaba);Conscious
MUT (Mercado Urbano Tobalaba);Cordelia
MUT (Mercado Urbano Tobalaba);Coyote Kids
MUT (Mercado Urbano Tobalaba);Creado en Chile
MUT (Mercado Urbano Tobalaba);De La Mafia & Bastardo
MUT (Mercado Urbano Tobalaba);Decathlon
MUT (Mercado Urbano Tobalaba);Dinámica
MUT (Mercado Urbano Tobalaba);Disquería Chilena
MUT (Mercado Urbano Tobalaba);Drops
MUT (Mercado Urbano Tobalaba);D’Barbers
MUT (Mercado Urbano Tobalaba);Ecocitex
MUT (Mercado Urbano Tobalaba);El Atelier Costuras
MUT (Mercado Urbano Tobalaba);El Florista
MUT (Mercado Urbano Tobalaba);Farmacias Ahumada
MUT (Mercado Urbano Tobalaba);Farmacias Knop
MUT (Mercado Urbano Tobalaba);Flores
MUT (Mercado Urbano Tobalaba);Froens
MUT (Mercado Urbano Tobalaba);Genphone
MUT (Mercado Urbano Tobalaba);Guagüitas a la moda
MUT (Mercado Urbano Tobalaba);Haka Honu
MUT (Mercado Urbano Tobalaba);Humana
MUT (Mercado Urbano Tobalaba);Ibikes
MUT (Mercado Urbano Tobalaba);Infinity Soul
MUT (Mercado Urbano Tobalaba);Isadora
MUT (Mercado Urbano Tobalaba);Jacinta Tienda
MUT (Mercado Urbano Tobalaba);JOIA
MUT (Mercado Urbano Tobalaba);Karyn Coo
MUT (Mercado Urbano Tobalaba);Khalu Champú
MUT (Mercado Urbano Tobalaba);Kiosclub
MUT (Mercado Urbano Tobalaba);Kolken
MUT (Mercado Urbano Tobalaba);La Plage
MUT (Mercado Urbano Tobalaba);La Relojería
MUT (Mercado Urbano Tobalaba);Lamy
MUT (Mercado Urbano Tobalaba);Larry
MUT (Mercado Urbano Tobalaba);Las siete vidas del mueble
MUT (Mercado Urbano Tobalaba);LENS
MUT (Mercado Urbano Tobalaba);Les Dix Vins
MUT (Mercado Urbano Tobalaba);Librería Antártica
MUT (Mercado Urbano Tobalaba);Libro Verde
MUT (Mercado Urbano Tobalaba);Lipka
MUT (Mercado Urbano Tobalaba);Lippi
MUT (Mercado Urbano Tobalaba);Lodoro
MUT (Mercado Urbano Tobalaba);Lomvok
MUT (Mercado Urbano Tobalaba);Mac Online
MUT (Mercado Urbano Tobalaba);Majen
MUT (Mercado Urbano Tobalaba);Mercado Paine
MUT (Mercado Urbano Tobalaba);Mi Foto Pro
MUT (Mercado Urbano Tobalaba);Migo
MUT (Mercado Urbano Tobalaba);Mimi
MUT (Mercado Urbano Tobalaba);Monarch
MUT (Mercado Urbano Tobalaba);More Amor
MUT (Mercado Urbano Tobalaba);Multiservice
MUT (Mercado Urbano Tobalaba);Museo Garment
MUT (Mercado Urbano Tobalaba);Music Chile
MUT (Mercado Urbano Tobalaba);Natura
MUT (Mercado Urbano Tobalaba);Needle
MUT (Mercado Urbano Tobalaba);Newen
MUT (Mercado Urbano Tobalaba);Nike
MUT (Mercado Urbano Tobalaba);One Aco
MUT (Mercado Urbano Tobalaba);Pasquín
MUT (Mercado Urbano Tobalaba);Pichara
MUT (Mercado Urbano Tobalaba);Pinky Lady Beauty
MUT (Mercado Urbano Tobalaba);Plaza Música
MUT (Mercado Urbano Tobalaba);Ponte Chiasso
MUT (Mercado Urbano Tobalaba);Premium Paper
MUT (Mercado Urbano Tobalaba);Provap
MUT (Mercado Urbano Tobalaba);PSK
MUT (Mercado Urbano Tobalaba);Ranty
MUT (Mercado Urbano Tobalaba);Revesderecho
MUT (Mercado Urbano Tobalaba);Rincón Himalaya
MUT (Mercado Urbano Tobalaba);Rita Lira
MUT (Mercado Urbano Tobalaba);Rock my love
MUT (Mercado Urbano Tobalaba);Roots Toys
MUT (Mercado Urbano Tobalaba);Rotter & Krauss
MUT (Mercado Urbano Tobalaba);Salcobrand
MUT (Mercado Urbano Tobalaba);Samsung
MUT (Mercado Urbano Tobalaba);Scalpers
MUT (Mercado Urbano Tobalaba);Scarf Me
MUT (Mercado Urbano Tobalaba);Sellos Vintage
MUT (Mercado Urbano Tobalaba);Simple by Puro
MUT (Mercado Urbano Tobalaba);Sin Enredos
MUT (Mercado Urbano Tobalaba);Skechers
MUT (Mercado Urbano Tobalaba);SNOG
MUT (Mercado Urbano Tobalaba);Socks Lab
MUT (Mercado Urbano Tobalaba);SPID
MUT (Mercado Urbano Tobalaba);Stance
MUT (Mercado Urbano Tobalaba);Tató
MUT (Mercado Urbano Tobalaba);Teraideas
MUT (Mercado Urbano Tobalaba);The Birmingham Brothers
MUT (Mercado Urbano Tobalaba);The Body Shop
MUT (Mercado Urbano Tobalaba);The Plant Store
MUT (Mercado Urbano Tobalaba);TheColorShop
MUT (Mercado Urbano Tobalaba);Todo Moda
MUT (Mercado Urbano Tobalaba);Toke
MUT (Mercado Urbano Tobalaba);Toty Stone
MUT (Mercado Urbano Tobalaba);Ucon Acrobatics
MUT (Mercado Urbano Tobalaba);Unaf Legumbres
MUT (Mercado Urbano Tobalaba);Viale Joyas
MUT (Mercado Urbano Tobalaba);Vintage
MUT (Mercado Urbano Tobalaba);Vulcano
MUT (Mercado Urbano Tobalaba);Work Café Santander
MUT (Mercado Urbano Tobalaba);Yellowbuzz
Parque Arauco;+Relax +Mund
Parque Arauco;100% Futbol
Parque Arauco;5àSec
Parque Arauco;Abercrombie & Fitch
Parque Arauco;Adidas
Parque Arauco;Adidas Kids
Parque Arauco;Adidas Originals
Parque Arauco;Adidas Terrex
Parque Arauco;Afex
Parque Arauco;Aldo
Parque Arauco;All Nutrition
Parque Arauco;Almabar
Parque Arauco;Alpe
Parque Arauco;Amano
Parque Arauco;American Eagle
Parque Arauco;Americanino
Parque Arauco;Amphora
Parque Arauco;Ananda Galea
Parque Arauco;Andesgear
Parque Arauco;Arrow
Parque Arauco;Ash
Parque Arauco;Ashley
Parque Arauco;Asia Skincare
Parque Arauco;Asics
Parque Arauco;Atelier Caral
Parque Arauco;Atesorame
Parque Arauco;Atómica
Parque Arauco;Audiomusica
Parque Arauco;Baby Rosen
Parque Arauco;Ballary
Parque Arauco;Bamers
Parque Arauco;Banana Republic
Parque Arauco;Banco Falabella
Parque Arauco;Banco Ripley
Parque Arauco;Barbizon
Parque Arauco;Basta Express
Parque Arauco;Bath & Blanc
Parque Arauco;Bath & Body Works
Parque Arauco;Bazhars
Parque Arauco;Ben & Frank
Parque Arauco;Benny
Parque Arauco;Bestias
Parque Arauco;Bigbox
Parque Arauco;Bimba & Lola
Parque Arauco;Black Bubba
Parque Arauco;Block
Parque Arauco;Blu Blu
Parque Arauco;Blush Bar
Parque Arauco;Boaz Joyas
Parque Arauco;Bold
Parque Arauco;Boss
Parque Arauco;Boutique Yauras
Parque Arauco;Brick London
Parque Arauco;Brookman
Parque Arauco;Brooks Brothers
Parque Arauco;Bros Librería
Parque Arauco;Bsoul
Parque Arauco;Bubba
Parque Arauco;Buffer
Parque Arauco;Buzón Blue Express
Parque Arauco;BöR
Parque Arauco;C/Moran
Parque Arauco;Caffarena
Parque Arauco;Calvin Klein
Parque Arauco;Cambios Inter
Parque Arauco;Camper Birkenstock
Parque Arauco;Cannon Home
Parque Arauco;Cardinale
Parque Arauco;Carolina Herrera
Parque Arauco;Carter'S
Parque Arauco;Casa Alvarinho
Parque Arauco;Casa Barros
Parque Arauco;Casa Moda
Parque Arauco;Casa Royal
Parque Arauco;Casaideas
Parque Arauco;Cat
Parque Arauco;Cecilia Angulo Joyería
Parque Arauco;Centro Médico Redsalud Arauco
Parque Arauco;Channel
Parque Arauco;Chilexpress
Parque Arauco;Chuck E. Cheese'S
Parque Arauco;Cic
Parque Arauco;Cinépolis
Parque Arauco;Clarks
Parque Arauco;Claro
Parque Arauco;Club de Amantes del Vino (CAV)
Parque Arauco;Clínica Cela
Parque Arauco;Coliseum
Parque Arauco;Colloky
Parque Arauco;Columbia
Parque Arauco;Converse
Parque Arauco;Coquinaria
Parque Arauco;Creado En Chile
Parque Arauco;Cruz Verde
Parque Arauco;Dadati
Parque Arauco;Dbs Beauty Store
Parque Arauco;Dc Shoes
Parque Arauco;Decathlon
Parque Arauco;Delicatta Hands
Parque Arauco;Delsey Paris
Parque Arauco;Demarie
Parque Arauco;Derco
Parque Arauco;Dermocoaching By Salcobrand
Parque Arauco;Desigual
Parque Arauco;Dhl / Western Union
Parque Arauco;Dinámica
Parque Arauco;Dji
Parque Arauco;Dockers
Parque Arauco;Doite
Parque Arauco;Dolce & Gabbana
Parque Arauco;Dr Martens
Parque Arauco;Ecodry
Parque Arauco;El Ganso
Parque Arauco;El Mundo Del Vino
Parque Arauco;El Volcan
Parque Arauco;Entel
Parque Arauco;Ermenegildo Zegna
Parque Arauco;Espacio Vértice
Parque Arauco;Etam
Parque Arauco;Fabrics
Parque Arauco;Faces - Dior
Parque Arauco;Falabella
Parque Arauco;Farmacias Ahumada
Parque Arauco;Ferouch
Parque Arauco;Ferracini
Parque Arauco;Ferragamo
Parque Arauco;Flabelus
Parque Arauco;Flores
Parque Arauco;Florsheim
Parque Arauco;Forcenter
Parque Arauco;Franca Fortuna
Parque Arauco;Froens
Parque Arauco;Gacel
Parque Arauco;Gap
Parque Arauco;Garmin
Parque Arauco;Geox
Parque Arauco;Giani Da Firenze
Parque Arauco;Gift Corner
Parque Arauco;Glam & Co
Parque Arauco;Gmo
Parque Arauco;Golden Goose
Parque Arauco;Guante
Parque Arauco;Gucci
Parque Arauco;Guess
Parque Arauco;H&M
Parque Arauco;H&M Home
Parque Arauco;Haka Honu
Parque Arauco;Head
Parque Arauco;Helly Hansen
Parque Arauco;Hera Nails - The One
Parque Arauco;Hoka
Parque Arauco;Homecenter Sodimac
Parque Arauco;Hugo
Parque Arauco;Hundshop
Parque Arauco;Hush Puppies
Parque Arauco;Hush Puppies Kids
Parque Arauco;Hypnos
Parque Arauco;Ibikes
Parque Arauco;IKEA
Parque Arauco;Indigo De Papel
Parque Arauco;Infanti
Parque Arauco;Io
Parque Arauco;Isadora
Parque Arauco;Istorela
Parque Arauco;Jack And Jones
Parque Arauco;Jardín De Hadas
Parque Arauco;Jazmín Chebar
Parque Arauco;Joigo
Parque Arauco;Jose Herrera
Parque Arauco;Jott
Parque Arauco;Joyas De Mi Alma
Parque Arauco;JPT
Parque Arauco;Juguetería Alemana
Parque Arauco;Kadú
Parque Arauco;Karyn Coo
Parque Arauco;Karün
Parque Arauco;Kaya Unite
Parque Arauco;Kiehl'S
Parque Arauco;Kiko
Parque Arauco;Kiosclub
Parque Arauco;Kipling
Parque Arauco;Kitchen Center
Parque Arauco;Knife Store
Parque Arauco;Kosmeticos
Parque Arauco;L'Occitane
Parque Arauco;La Chascona
Parque Arauco;La Martina
Parque Arauco;La Papelaria
Parque Arauco;Lacoste
Parque Arauco;Lamy
Parque Arauco;Lattafa
Parque Arauco;Le Creuset
Parque Arauco;Lego
Parque Arauco;Leidiro
Parque Arauco;Leonisa
Parque Arauco;Levi's
Parque Arauco;Lgnd Brand
Parque Arauco;Librería Antártica
Parque Arauco;Librería Contrapunto
Parque Arauco;Librería Nacional
Parque Arauco;Limited
Parque Arauco;Limonada
Parque Arauco;Lineatre
Parque Arauco;Liolá
Parque Arauco;Lipka
Parque Arauco;Lippi
Parque Arauco;Little Bee Baby
Parque Arauco;Loto
Parque Arauco;Loto Del Sur
Parque Arauco;Louis Vuitton
Parque Arauco;Lounge
Parque Arauco;Lounge Home
Parque Arauco;Lucid Dreams Vr
Parque Arauco;Lush
Parque Arauco;Lápiz López
Parque Arauco;Ma Griffe
Parque Arauco;Mac Cosmetics
Parque Arauco;Maconline
Parque Arauco;Madison
Parque Arauco;Maje
Parque Arauco;Make Up
Parque Arauco;Makers
Parque Arauco;Mali
Parque Arauco;Mamás Mateas
Parque Arauco;Mango
Parque Arauco;Marathon
Parque Arauco;Marcela Coggiola
Parque Arauco;Marie Claire
Parque Arauco;Matcha Addict
Parque Arauco;Maui And Sons
Parque Arauco;Maxi Cosi
Parque Arauco;Mayoral
Parque Arauco;Mecánica Del Tiempo
Parque Arauco;Medular
Parque Arauco;Merrell
Parque Arauco;Mi Foto
Parque Arauco;Mi Placard
Parque Arauco;Michael Kors
Parque Arauco;Milk
Parque Arauco;Mingo
Parque Arauco;Miniso
Parque Arauco;Mishka
Parque Arauco;Mobile Outfitters
Parque Arauco;Monarch
Parque Arauco;Montblanc
Parque Arauco;Montemarano
Parque Arauco;More Exchange
Parque Arauco;Mosso
Parque Arauco;Motorola
Parque Arauco;Movistar
Parque Arauco;Mow
Parque Arauco;Mtek
Parque Arauco;Multiservice
Parque Arauco;Mundo del Vino
Parque Arauco;Natura
Parque Arauco;Naturel Organic
Parque Arauco;Naty Garcia
Parque Arauco;Nautica
Parque Arauco;Nbhd Street Market
Parque Arauco;Needle
Parque Arauco;Neighborhood
Parque Arauco;Nespresso
Parque Arauco;New Balance
Parque Arauco;New Era
Parque Arauco;New Man
Parque Arauco;Nike
Parque Arauco;Néctar Deco
Parque Arauco;Oakley
Parque Arauco;Okwu
Parque Arauco;Om Cristales
Parque Arauco;Omega
Parque Arauco;On
Parque Arauco;Only
Parque Arauco;Opaline
Parque Arauco;Original Penguin
Parque Arauco;Outbrands
Parque Arauco;Palumbo
Parque Arauco;Pamela Lobos
Parque Arauco;Pandora
Parque Arauco;Panini Point
Parque Arauco;Paperdot
Parque Arauco;PARFOIS
Parque Arauco;Paris
Parque Arauco;Parque Arauco Circular by Bloomit
Parque Arauco;Paz Vial
Parque Arauco;Pc Factory
Parque Arauco;Peppermint
Parque Arauco;Perry Ellis
Parque Arauco;Pet&Go
Parque Arauco;Petite Cabane
Parque Arauco;Pichara
Parque Arauco;Pichintun
Parque Arauco;Pillin
Parque Arauco;Pippa
Parque Arauco;Plaza Cristales
Parque Arauco;Plaza Metro
Parque Arauco;Plaza Música
Parque Arauco;Plaza Oriente
Parque Arauco;Pollini
Parque Arauco;Polo Ralph Lauren
Parque Arauco;Preppy Beach
Parque Arauco;Preppy Island
Parque Arauco;Pretty Ballerinas
Parque Arauco;Preunic Beauty
Parque Arauco;Privilege
Parque Arauco;Prüne
Parque Arauco;Puma
Parque Arauco;Punto Ticket
Parque Arauco;Pura, Artesanos Del Fin Del Mundo
Parque Arauco;Purificación García
Parque Arauco;Ragga
Parque Arauco;Raindoor
Parque Arauco;Ranty
Parque Arauco;Rapsodia
Parque Arauco;Ray-Ban
Parque Arauco;Reebok
Parque Arauco;Revesderecho
Parque Arauco;Rip Curl / Volcom
Parque Arauco;Ripley
Parque Arauco;Rockford
Parque Arauco;Romano
Parque Arauco;Rosaria Scarinci
Parque Arauco;Rosen
Parque Arauco;Rotter & Krauss
Parque Arauco;Salcobrand
Parque Arauco;Sally Beauty
Parque Arauco;Salomon
Parque Arauco;Samsonite
Parque Arauco;Samsung
Parque Arauco;Sandro
Parque Arauco;Santú Home & Deco
Parque Arauco;Sarika Rodrik
Parque Arauco;Saville Row
Parque Arauco;Saxoline
Parque Arauco;Scalpers
Parque Arauco;Sebastian Ferrer
Parque Arauco;Seiko
Parque Arauco;Servipag
Parque Arauco;Shark Ninja
Parque Arauco;Silbon
Parque Arauco;Singolare
Parque Arauco;Skechers
Parque Arauco;Smartech
Parque Arauco;Sokobox
Parque Arauco;Solaris
Parque Arauco;Sony
Parque Arauco;Sparta
Parque Arauco;Spid
Parque Arauco;Sport House
Parque Arauco;Sportika
Parque Arauco;Spot Essence
Parque Arauco;Stanley
Parque Arauco;Steve Madden
Parque Arauco;Studio F
Parque Arauco;Sunglass Hut
Parque Arauco;Superzoo
Parque Arauco;Swarovski
Parque Arauco;Tabaquería M & N
Parque Arauco;Teatro Mori
Parque Arauco;Teatro Municipal
Parque Arauco;Tefal
Parque Arauco;Tere Gott
Parque Arauco;Tesla
Parque Arauco;The Body Shop
Parque Arauco;The Candle Shop
Parque Arauco;The Hp Spot
Parque Arauco;The Line
Parque Arauco;The North Face
Parque Arauco;The Popular Design
Parque Arauco;Thermomix Chile
Parque Arauco;Thinking Chile
Parque Arauco;Thule
Parque Arauco;Tiffany & Co.
Parque Arauco;Timberland
Parque Arauco;Tissot
Parque Arauco;Todo Moda
Parque Arauco;Todo Piel
Parque Arauco;Tommy Hilfiger
Parque Arauco;Top
Parque Arauco;Tottus
Parque Arauco;Tous
Parque Arauco;Trauko
Parque Arauco;Trial
Parque Arauco;Tua
Parque Arauco;Turismo Cocha
Parque Arauco;Turistik
Parque Arauco;Uber Parking Animales
Parque Arauco;Uber Parking Fruta
Parque Arauco;Ugg
Parque Arauco;Umbrale
Parque Arauco;Under Armour
Parque Arauco;Universal Assistance
Parque Arauco;Urbano To Go
Parque Arauco;Vans
Parque Arauco;Vantek-Mi Store
Parque Arauco;Viajes Falabella
Parque Arauco;Victoria'S Secret
Parque Arauco;Victorinox
Parque Arauco;Vintage
Parque Arauco;Volkanica
Parque Arauco;Vélez
Parque Arauco;Wados
Parque Arauco;Weinbrenner
Parque Arauco;WhatUp
Parque Arauco;Wild Lama
Parque Arauco;Wmf
Parque Arauco;Wom
Parque Arauco;Women'S Secret
Parque Arauco;Wrangler
Parque Arauco;Zadig & Voltaire
Parque Arauco;Zait
Parque Arauco;Zara
Parque Arauco;Ópticas Place VêNdome
Parque Arauco;Ópticas Schilling
Patio Outlet La Florida;Adidas
Patio Outlet La Florida;Ansaldo
Patio Outlet La Florida;Astara
Patio Outlet La Florida;Bata
Patio Outlet La Florida;Beauty Plus
Patio Outlet La Florida;Bix
Patio Outlet La Florida;Cannon
Patio Outlet La Florida;Cardinale
Patio Outlet La Florida;Celta
Patio Outlet La Florida;CHANTILLY
Patio Outlet La Florida;CINÉPOLIS
Patio Outlet La Florida;CONEXIÓN
Patio Outlet La Florida;CONEY JUMP
Patio Outlet La Florida;D-HOUSE
Patio Outlet La Florida;DIB
Patio Outlet La Florida;DIMEIGGS
Patio Outlet La Florida;DOITE
Patio Outlet La Florida;DREAMS PARFUMS
Patio Outlet La Florida;ELLESSE
Patio Outlet La Florida;FABRICS
Patio Outlet La Florida;FAMILY SHOP
Patio Outlet La Florida;FARMACIA AHUMADA
Patio Outlet La Florida;FARMACIA DR SIMI
Patio Outlet La Florida;Farmacias Cruz verde
Patio Outlet La Florida;FICCUS
Patio Outlet La Florida;FLORES
Patio Outlet La Florida;GEOGRAPHY
Patio Outlet La Florida;GMO
Patio Outlet La Florida;GUANTE / GACEL
Patio Outlet La Florida;HEAD
Patio Outlet La Florida;INFANTI
Patio Outlet La Florida;INTIME
Patio Outlet La Florida;ITALSTORE
Patio Outlet La Florida;KAYSER
Patio Outlet La Florida;KEY PLUS
Patio Outlet La Florida;KITCHEN CENTER
Patio Outlet La Florida;LEE HOY
Patio Outlet La Florida;LIMONADA
Patio Outlet La Florida;LOTTO
Patio Outlet La Florida;LÁPIZ LÓPEZ
Patio Outlet La Florida;MASHINI
Patio Outlet La Florida;MAUI
Patio Outlet La Florida;MKO
Patio Outlet La Florida;OBSTACOOL
Patio Outlet La Florida;ONLY / JACK AND JONES
Patio Outlet La Florida;ORANGE BLUE
Patio Outlet La Florida;OUTLET LÍNEA BLANCA
Patio Outlet La Florida;OXFORD
Patio Outlet La Florida;OXXO
Patio Outlet La Florida;PELUQUERÍA SPOT LIGHT
Patio Outlet La Florida;PET HAPPY
Patio Outlet La Florida;PILLIN
Patio Outlet La Florida;POLEMIC
Patio Outlet La Florida;PUMA
Patio Outlet La Florida;PUMUCKI
Patio Outlet La Florida;ROSEN
Patio Outlet La Florida;SAXOLINE
Patio Outlet La Florida;SEI
Patio Outlet La Florida;SIOUX
Patio Outlet La Florida;SMART FIT
Patio Outlet La Florida;SUPER 10
Patio Outlet La Florida;SURPRICE
Patio Outlet La Florida;THE BRANDS CLUB
Patio Outlet La Florida;THORBEN
Patio Outlet La Florida;TOP
Patio Outlet La Florida;TRICOT
Patio Outlet La Florida;VITAFIT
Patio Outlet La Florida;WEIDE
Patio Outlet La Florida;WEPLAY STORE
Patio Outlet Maipú;ADIDAS
Patio Outlet Maipú;BATA
Patio Outlet Maipú;BEAUTY PLUS
Patio Outlet Maipú;BYP ILUMINACIÓN
Patio Outlet Maipú;CALVIN KLEIN
Patio Outlet Maipú;CANNON HOGAR
Patio Outlet Maipú;CAR WASH
Patio Outlet Maipú;CELTA
Patio Outlet Maipú;CHANTILLY
Patio Outlet Maipú;CIC
Patio Outlet Maipú;CINÉPOLIS
Patio Outlet Maipú;CONEY JUMP
Patio Outlet Maipú;CONVERSE
Patio Outlet Maipú;DIB
Patio Outlet Maipú;DIMEIGGS
Patio Outlet Maipú;ELLESSE
Patio Outlet Maipú;EVER KIDS
Patio Outlet Maipú;FABRICS
Patio Outlet Maipú;FAMILY SHOP
Patio Outlet Maipú;FARMACIA AHUMADA
Patio Outlet Maipú;FARMACIA DR SIMI
Patio Outlet Maipú;FEROUCH
Patio Outlet Maipú;FERRACINI
Patio Outlet Maipú;FICCUS
Patio Outlet Maipú;FLORES
Patio Outlet Maipú;GEOGRAPHY
Patio Outlet Maipú;GMO
Patio Outlet Maipú;GUANTE / GACEL
Patio Outlet Maipú;HARDWORK
Patio Outlet Maipú;HEAD
Patio Outlet Maipú;Infanti
Patio Outlet Maipú;KAYSER
Patio Outlet Maipú;KITCHEN CENTER
Patio Outlet Maipú;LACOSTE
Patio Outlet Maipú;LEE / WRANGLER
Patio Outlet Maipú;LEVI'S
Patio Outlet Maipú;LIMONADA
Patio Outlet Maipú;LOTTO
Patio Outlet Maipú;MASHINI
Patio Outlet Maipú;MAUI
Patio Outlet Maipú;MAXI-K
Patio Outlet Maipú;MKO
Patio Outlet Maipú;NIKE
Patio Outlet Maipú;O'NEILL
Patio Outlet Maipú;ODH
Patio Outlet Maipú;ONLY / JACK AND JONES
Patio Outlet Maipú;OUTLET LÍNEA BLANCA
Patio Outlet Maipú;OXFORD
Patio Outlet Maipú;OXXO
Patio Outlet Maipú;PERFUJOYAS
Patio Outlet Maipú;PILLIN
Patio Outlet Maipú;PLATANITOS
Patio Outlet Maipú;POLEMIC
Patio Outlet Maipú;PORTO MENAJE
Patio Outlet Maipú;PUMA
Patio Outlet Maipú;PUMUCKI
Patio Outlet Maipú;REEBOK
Patio Outlet Maipú;ROSEN
Patio Outlet Maipú;SAXOLINE
Patio Outlet Maipú;SEI
Patio Outlet Maipú;SIOUX
Patio Outlet Maipú;SKECHERS
Patio Outlet Maipú;STUDIO F
Patio Outlet Maipú;SURPRICE
Patio Outlet Maipú;THE BRANDS CLUB
Patio Outlet Maipú;THORBEN
Patio Outlet Maipú;TOMMY HILFIGER
Patio Outlet Maipú;TOP
Patio Outlet Maipú;TOYNG
Patio Outlet Maipú;TRICOT
Portal La Dehesa;5aSec
Portal La Dehesa;All Nutrition
Portal La Dehesa;All Play
Portal La Dehesa;Amano
Portal La Dehesa;American Eagle
Portal La Dehesa;Azaleia
Portal La Dehesa;Barbería Maestra
Portal La Dehesa;Barbour
Portal La Dehesa;Bimba & Lola
Portal La Dehesa;Black Bubba
Portal La Dehesa;Blush-Bar
Portal La Dehesa;Bubba Essentials
Portal La Dehesa;Caffarena
Portal La Dehesa;Cannon Home
Portal La Dehesa;Casaideas
Portal La Dehesa;Centro Médico Santa María
Portal La Dehesa;Cinemark
Portal La Dehesa;Clínica Belenus
Portal La Dehesa;Colloky
Portal La Dehesa;Columbia
Portal La Dehesa;Converse
Portal La Dehesa;Cordonería
Portal La Dehesa;Cuncuna
Portal La Dehesa;Dbs Beauty Store
Portal La Dehesa;Decathlon
Portal La Dehesa;Dockers
Portal La Dehesa;Doite
Portal La Dehesa;Easy
Portal La Dehesa;Ecowash car
Portal La Dehesa;Fabrics
Portal La Dehesa;Falabella
Portal La Dehesa;Farmacias Ahumada
Portal La Dehesa;Farmacias Cruz Verde
Portal La Dehesa;Farmacias Salcobrand
Portal La Dehesa;Flores
Portal La Dehesa;Florsheim
Portal La Dehesa;Froens
Portal La Dehesa;GMO
Portal La Dehesa;Helly Hansen
Portal La Dehesa;Hugo Boss
Portal La Dehesa;Humana
Portal La Dehesa;Hush Puppies
Portal La Dehesa;Izipizi
Portal La Dehesa;JAZMIN CHEBAR
Portal La Dehesa;JUMBO
Portal La Dehesa;Just Flowers
Portal La Dehesa;Kuna
Portal La Dehesa;L'Occitane
Portal La Dehesa;La Bego Soler
Portal La Dehesa;La Casa de las Carcasas
Portal La Dehesa;Lacoste
Portal La Dehesa;Levis
Portal La Dehesa;Librería Antártica
Portal La Dehesa;Librería Nacional
Portal La Dehesa;Liola
Portal La Dehesa;Lolita Pocket
Portal La Dehesa;Lounge
Portal La Dehesa;Lush
Portal La Dehesa;Lápiz López
Portal La Dehesa;MacOnline
Portal La Dehesa;Madison
Portal La Dehesa;Maxi K
Portal La Dehesa;Mery-satt joyas
Portal La Dehesa;Mi Foto
Portal La Dehesa;Miniso
Portal La Dehesa;Monarch
Portal La Dehesa;Multiservice
Portal La Dehesa;Nespresso
Portal La Dehesa;New Man
Portal La Dehesa;Náutica
Portal La Dehesa;OKWU
Portal La Dehesa;Palumbo
Portal La Dehesa;Pandora
Portal La Dehesa;Papermark
Portal La Dehesa;Paris
Portal La Dehesa;Patagonia
Portal La Dehesa;Pichara
Portal La Dehesa;Pippa
Portal La Dehesa;Place Vendome
Portal La Dehesa;Privilege
Portal La Dehesa;Prüne
Portal La Dehesa;Purificación García
Portal La Dehesa;Raindoor
Portal La Dehesa;Rapsodia
Portal La Dehesa;Revesderecho
Portal La Dehesa;Rincón Jumbo
Portal La Dehesa;Rockford
Portal La Dehesa;Rotter & Krauss
Portal La Dehesa;Sally Beauty
Portal La Dehesa;Samsonite
Portal La Dehesa;Saville Row
Portal La Dehesa;Scalpers
Portal La Dehesa;Smartfit
Portal La Dehesa;Sparta
Portal La Dehesa;Sunglass Hut
Portal La Dehesa;Swarovski
Portal La Dehesa;The Candle Shop
Portal La Dehesa;Urco
Portal La Dehesa;Women Secret
Portal La Dehesa;Zara
Portal Ñuñoa;5aSec
Portal Ñuñoa;Adidas
Portal Ñuñoa;Arrow
Portal Ñuñoa;Ash
Portal Ñuñoa;Baby Infanti
Portal Ñuñoa;Barbería Maestra
Portal Ñuñoa;Bata
Portal Ñuñoa;Benny
Portal Ñuñoa;Bubba Essentials
Portal Ñuñoa;Bubble Gummers
Portal Ñuñoa;Caffarena
Portal Ñuñoa;Cannon Home
Portal Ñuñoa;Casaideas
Portal Ñuñoa;Caterpillar
Portal Ñuñoa;Cinemark
Portal Ñuñoa;Clínica Belenus
Portal Ñuñoa;Dermo Coaching
Portal Ñuñoa;DermoXpert
Portal Ñuñoa;Easy
Portal Ñuñoa;Ecowash car
Portal Ñuñoa;Entel
Portal Ñuñoa;Family Park
Portal Ñuñoa;Farmacias Ahumada
Portal Ñuñoa;Farmacias Cruz Verde
Portal Ñuñoa;Farmacias Salcobrand
Portal Ñuñoa;Ferouch
Portal Ñuñoa;Flores
Portal Ñuñoa;Gacel
Portal Ñuñoa;Head
Portal Ñuñoa;Hush Puppies
Portal Ñuñoa;IO
Portal Ñuñoa;Joyas Baron
Portal Ñuñoa;Joyas Loulu
Portal Ñuñoa;JUMBO
Portal Ñuñoa;KAYSER
Portal Ñuñoa;La Casa de las Carcasas
Portal Ñuñoa;Levis
Portal Ñuñoa;Librería Antártica
Portal Ñuñoa;Librería Nacional
Portal Ñuñoa;Lounge
Portal Ñuñoa;Lápiz López
Portal Ñuñoa;M&G
Portal Ñuñoa;MacOnline
Portal Ñuñoa;Maicao
Portal Ñuñoa;Makeup
Portal Ñuñoa;Maui And Sons
Portal Ñuñoa;Maxi K
Portal Ñuñoa;Mi Foto
Portal Ñuñoa;Miniso
Portal Ñuñoa;Movistar
Portal Ñuñoa;Multiservice
Portal Ñuñoa;Natura Cosméticos
Portal Ñuñoa;New Era
Portal Ñuñoa;Palumbo
Portal Ñuñoa;Paris
Portal Ñuñoa;Pichara
Portal Ñuñoa;Pillin
Portal Ñuñoa;Place Vendome
Portal Ñuñoa;Plaza Música
Portal Ñuñoa;Preunic
Portal Ñuñoa;Revesderecho
Portal Ñuñoa;Rincón Jumbo
Portal Ñuñoa;Rockford
Portal Ñuñoa;Rotter & Krauss
Portal Ñuñoa;Sally Beauty
Portal Ñuñoa;SEI Carteras y Accesorios
Portal Ñuñoa;Skechers
Portal Ñuñoa;Smartfit
Portal Ñuñoa;Sokobox
Portal Ñuñoa;SuperZoo
Portal Ñuñoa;Todo Moda
Portal Ñuñoa;Totto
Portal Ñuñoa;Toyng Juguetería
Portal Ñuñoa;TUA
Portal Ñuñoa;Wados
Portal Ñuñoa;WOM
Subcentro Las Condes;Abys
Subcentro Las Condes;Adidas Combat Sports
Subcentro Las Condes;Barba Negra
Subcentro Las Condes;Bip
Subcentro Las Condes;Caffarena
Subcentro Las Condes;Cerrajeria Fariña
Subcentro Las Condes;Chilexpress
Subcentro Las Condes;Correos Chile
Subcentro Las Condes;Farmacia Cruz Verde
Subcentro Las Condes;Farmacias Ahumada
Subcentro Las Condes;Farmacias del Doctor Simi
Subcentro Las Condes;Farmacias KNOP
Subcentro Las Condes;Farmacias La Rebaja
Subcentro Las Condes;Farmacias Salcobrand
Subcentro Las Condes;Flores
Subcentro Las Condes;Focus Storecase SPA
Subcentro Las Condes;French Tech
Subcentro Las Condes;Galacay
Subcentro Las Condes;Isadora
Subcentro Las Condes;Just in Case
Subcentro Las Condes;KiosClub
Subcentro Las Condes;La Casa De Las Carcasas
Subcentro Las Condes;La Chascona Cosmetic
Subcentro Las Condes;La Fête
Subcentro Las Condes;Lapiz Lopez
Subcentro Las Condes;Lfemme
Subcentro Las Condes;Librería Nacional
Subcentro Las Condes;Lider Express
Subcentro Las Condes;Maicao
Subcentro Las Condes;Marcela Gac
Subcentro Las Condes;Matanzilla
Subcentro Las Condes;Monarch
Subcentro Las Condes;Movistar
Subcentro Las Condes;Natura
Subcentro Las Condes;Outlet Kaya Unite
Subcentro Las Condes;OXXO
Subcentro Las Condes;Pausa Masajes
Subcentro Las Condes;Pink Lady Beauty Store
Subcentro Las Condes;Power Technology
Subcentro Las Condes;Reparadora de Calzado
Subcentro Las Condes;Rosa y Menta
Subcentro Las Condes;Sami Sport
Subcentro Las Condes;Simo
Subcentro Las Condes;Super Sana
Subcentro Las Condes;Tabaqueria y Casa de Cambios Lyon
Subcentro Las Condes;Todo Moda
Subcentro Las Condes;Todopiel
Subcentro Las Condes;TUA
Vivo Outlet Parque Los Toros;Adidas
Vivo Outlet Parque Los Toros;Barber Chile
Vivo Outlet Parque Los Toros;Beauty Plus
Vivo Outlet Parque Los Toros;BIX
Vivo Outlet Parque Los Toros;Cannon
Vivo Outlet Parque Los Toros;CIC
Vivo Outlet Parque Los Toros;Cruz Verde (Próximamente)
Vivo Outlet Parque Los Toros;Dimeiggs
Vivo Outlet Parque Los Toros;Dr Pet
Vivo Outlet Parque Los Toros;Dr Simi
Vivo Outlet Parque Los Toros;Ellesse
Vivo Outlet Parque Los Toros;Fabrics
Vivo Outlet Parque Los Toros;Family Shop
Vivo Outlet Parque Los Toros;Farmacias Ahumada
Vivo Outlet Parque Los Toros;Ficcus
Vivo Outlet Parque Los Toros;Flores
Vivo Outlet Parque Los Toros;GAES
Vivo Outlet Parque Los Toros;Intime
Vivo Outlet Parque Los Toros;Kayser
Vivo Outlet Parque Los Toros;Kios Club
Vivo Outlet Parque Los Toros;La Casa de las Carcasas
Vivo Outlet Parque Los Toros;Lippi
Vivo Outlet Parque Los Toros;Little MIC
Vivo Outlet Parque Los Toros;Locker
Vivo Outlet Parque Los Toros;Lorenzo di Pontti
Vivo Outlet Parque Los Toros;Mashini
Vivo Outlet Parque Los Toros;Maui
Vivo Outlet Parque Los Toros;Motomo
Vivo Outlet Parque Los Toros;Mr JOY
Vivo Outlet Parque Los Toros;My Hom & Co
Vivo Outlet Parque Los Toros;Nutra Sports
Vivo Outlet Parque Los Toros;O'neill
Vivo Outlet Parque Los Toros;Orange Pet
Vivo Outlet Parque Los Toros;Pillin
Vivo Outlet Parque Los Toros;Platanitos
Vivo Outlet Parque Los Toros;Polemic
Vivo Outlet Parque Los Toros;Preunic
Vivo Outlet Parque Los Toros;Puma
Vivo Outlet Parque Los Toros;Pumucki
Vivo Outlet Parque Los Toros;Rosen
Vivo Outlet Parque Los Toros;Salcobrand
Vivo Outlet Parque Los Toros;Saxoline
Vivo Outlet Parque Los Toros;Sioux
Vivo Outlet Parque Los Toros;Skechers
Vivo Outlet Parque Los Toros;Smartfit
Vivo Outlet Parque Los Toros;Surprice
Vivo Outlet Parque Los Toros;The Brands Club
Vivo Outlet Parque Los Toros;Thorben
Vivo Outlet Parque Los Toros;TOP
Vivo Outlet Parque Los Toros;Tricot
Vivo Outlet Parque Los Toros;TUA
Vivo Outlet Parque Los Toros;Wados
Vivo Outlet Parque Los Toros;Ópticas Schilling
